,id,first_name,last_name,netid
0,1,Tades,Worswick,tworswick0
1,2,Andy,Massimo,amassimo1
2,3,Drucie,Vauls,dvauls2
3,4,Jaymee,Hekkert,jhekkert3
4,5,Rafaello,McDool,rmcdool4
5,6,Kristoforo,Spittle,kspittle5
6,7,Jany,McGerraghty,jmcgerraghty6
7,8,Dayna,Duckinfield,dduckinfield7
8,9,Griffy,Braunstein,gbraunstein8
9,10,Olivette,Matschek,omatschek9
10,11,Mahalia,Questier,mquestiera
11,12,Bethina,Fludgate,bfludgateb
12,13,Pollyanna,Windebank,pwindebankc
13,14,Melosa,Hedderly,mhedderlyd
14,15,Aldis,Sibbons,asibbonse
15,16,Weylin,Corby,wcorbyf
16,17,Symon,Tebbe,stebbeg
17,18,Marc,Dedman,mdedmanh
18,19,Lindsay,Inkster,linksteri
19,20,Laurette,Legh,lleghj
20,21,Patty,Lippiatt,plippiattk
21,22,Barron,Baggett,bbaggettl
22,23,Napoleon,Manning,nmanningm
23,24,Palm,Anthoine,panthoinen
24,25,Haley,Woolfitt,hwoolfitto
25,26,Artair,Charkham,acharkhamp
26,27,Zonnya,Matisoff,zmatisoffq
27,28,Margi,Scandroot,mscandrootr
28,29,Dayna,Hanhardt,dhanhardts
29,30,Jeri,Eliez,jeliezt
30,31,Cicely,O'Riordan,coriordanu
31,32,Perrine,Kuschel,pkuschelv
32,33,Shawnee,Stolberger,sstolbergerw
33,34,Waylin,Gascoyne,wgascoynex
34,35,Barn,Watting,bwattingy
35,36,Ami,Toffanelli,atoffanelliz
36,37,Byrann,Dukelow,bdukelow10
37,38,Deane,Milnthorpe,dmilnthorpe11
38,39,Aldridge,Devorill,adevorill12
39,40,Sutton,Scrivener,sscrivener13
40,41,Dorotea,Reader,dreader14
41,42,Rhody,Davenell,rdavenell15
42,43,Rollins,Giorgielli,rgiorgielli16
43,44,Broderick,Haydon,bhaydon17
44,45,Lenna,Pendle,lpendle18
45,46,Fernanda,Willingham,fwillingham19
46,47,Shana,Allmond,sallmond1a
47,48,Rosalie,Bembrick,rbembrick1b
48,49,Bernelle,Alyokhin,balyokhin1c
49,50,Calla,Simkovich,csimkovich1d
50,51,Willi,Hurdis,whurdis1e
51,52,Karl,Antunez,kantunez1f
52,53,Conn,Hinksen,chinksen1g
53,54,Farrah,Meddick,fmeddick1h
54,55,Sib,Smissen,ssmissen1i
55,56,Catherin,Gookes,cgookes1j
56,57,Kimbra,Colson,kcolson1k
57,58,Jodee,Shearme,jshearme1l
58,59,Veronike,Matevosian,vmatevosian1m
59,60,Andre,Alliban,aalliban1n
60,61,Elfrida,Domleo,edomleo1o
61,62,Annalise,Mapam,amapam1p
62,63,Roderigo,Sandercock,rsandercock1q
63,64,Barn,Floris,bfloris1r
64,65,Ada,McLese,amclese1s
65,66,Blondelle,Shawcroft,bshawcroft1t
66,67,Dallis,Merali,dmerali1u
67,68,Lonnie,Caldecutt,lcaldecutt1v
68,69,Adoree,De Hooch,adehooch1w
69,70,Norton,Inglese,ninglese1x
70,71,Dedra,Rishbrook,drishbrook1y
71,72,Doria,Nairne,dnairne1z
72,73,Jennie,Accombe,jaccombe20
73,74,Gordy,Lambarth,glambarth21
74,75,Alexa,Georges,ageorges22
75,76,Valeria,Pozzo,vpozzo23
76,77,Abelard,Coultous,acoultous24
77,78,Melosa,Beinke,mbeinke25
78,79,Francisca,Orwell,forwell26
79,80,Brietta,Tynemouth,btynemouth27
80,81,Stavro,Giacubo,sgiacubo28
81,82,Sawyer,Connar,sconnar29
82,83,Flor,Klamman,fklamman2a
83,84,Wenda,McGoon,wmcgoon2b
84,85,Renelle,Foran,rforan2c
85,86,Hort,Yole,hyole2d
86,87,Tandie,Aronstam,taronstam2e
87,88,Banky,Petrolli,bpetrolli2f
88,89,Audra,Synnott,asynnott2g
89,90,Gladi,Belch,gbelch2h
90,91,Nolana,Kryszkiecicz,nkryszkiecicz2i
91,92,Darcy,Flannigan,dflannigan2j
92,93,Tierney,Babinski,tbabinski2k
93,94,Ethelin,Rau,erau2l
94,95,Jody,Suddock,jsuddock2m
95,96,Giuditta,Gercke,ggercke2n
96,97,Nathaniel,Kasbye,nkasbye2o
97,98,Ced,Cicculi,ccicculi2p
98,99,Drusilla,Littlejohns,dlittlejohns2q
99,100,Nickie,Nordass,nnordass2r
100,101,Judith,Waldron,jwaldron2s
101,102,Frank,Sangster,fsangster2t
102,103,Neill,Sinyard,nsinyard2u
103,104,Jayson,Colt,jcolt2v
104,105,Boycie,Tessington,btessington2w
105,106,Wendall,Carbert,wcarbert2x
106,107,Tully,Spinella,tspinella2y
107,108,Kort,Stillwell,kstillwell2z
108,109,Michele,Faraker,mfaraker30
109,110,Cassandre,Raubenheimers,craubenheimers31
110,111,Petronille,Queripel,pqueripel32
111,112,Amelia,Mintram,amintram33
112,113,Agnese,Heaselgrave,aheaselgrave34
113,114,Lexis,Kingaby,lkingaby35
114,115,Abel,Sillitoe,asillitoe36
115,116,Valentin,Aspray,vaspray37
116,117,Bogey,Greve,bgreve38
117,118,Goldie,Sybry,gsybry39
118,119,Demeter,Triggel,dtriggel3a
119,120,Cecile,Follett,cfollett3b
120,121,Elfie,Delamere,edelamere3c
121,122,Noell,Leng,nleng3d
122,123,Lizzie,Poxon,lpoxon3e
123,124,Ag,Kendal,akendal3f
124,125,Rollie,Cahill,rcahill3g
125,126,Tarrance,Fladgate,tfladgate3h
126,127,Cynde,MacEnelly,cmacenelly3i
127,128,Philippa,Lambell,plambell3j
128,129,Farica,Linch,flinch3k
129,130,Megen,Tomczak,mtomczak3l
130,131,Adam,Aggus,aaggus3m
131,132,Ulysses,Thorneywork,uthorneywork3n
132,133,Abran,Chilley,achilley3o
133,134,Franzen,McIlherran,fmcilherran3p
134,135,Phylys,Cowerd,pcowerd3q
135,136,Orelle,Northing,onorthing3r
136,137,Obie,Potbury,opotbury3s
137,138,Ennis,Bazely,ebazely3t
138,139,Gage,Veryard,gveryard3u
139,140,Phelia,Endrici,pendrici3v
140,141,Mavra,Wanklyn,mwanklyn3w
141,142,Letta,Cuss,lcuss3x
142,143,Ladonna,Carillo,lcarillo3y
143,144,Jocelyne,De Roberto,jderoberto3z
144,145,Guenna,Falkus,gfalkus40
145,146,Evelin,Cousens,ecousens41
146,147,Flori,McCorkindale,fmccorkindale42
147,148,Johan,Rouzet,jrouzet43
148,149,Bastian,Petranek,bpetranek44
149,150,Molli,Jahn,mjahn45
150,151,Mallissa,Olenov,molenov46
151,152,Judi,Smalcombe,jsmalcombe47
152,153,Sherwood,Burbage,sburbage48
153,154,Alis,Hemms,ahemms49
154,155,Neely,Reilly,nreilly4a
155,156,Tallie,Jeanesson,tjeanesson4b
156,157,Lian,Wellstead,lwellstead4c
157,158,Reggie,Filipyev,rfilipyev4d
158,159,Bobby,Doumerque,bdoumerque4e
159,160,Jenny,Syfax,jsyfax4f
160,161,Errick,Battista,ebattista4g
161,162,Arabela,Cleaton,acleaton4h
162,163,Nollie,Daughtery,ndaughtery4i
163,164,Avis,Budik,abudik4j
164,165,Tonie,Tummons,ttummons4k
165,166,Eberto,Attrill,eattrill4l
166,167,Mathian,Sherville,msherville4m
167,168,Fonz,Adelberg,fadelberg4n
168,169,Mattheus,Lodovichi,mlodovichi4o
169,170,Jacynth,Clace,jclace4p
170,171,Desirae,Bickardike,dbickardike4q
171,172,Pamella,Sibson,psibson4r
172,173,Cherrita,Give,cgive4s
173,174,Rosemarie,Chanders,rchanders4t
174,175,Vivie,Maguire,vmaguire4u
175,176,Yule,Bensley,ybensley4v
176,177,Cordelie,Statersfield,cstatersfield4w
177,178,Drona,Tibbits,dtibbits4x
178,179,Lorene,Clother,lclother4y
179,180,Mariya,Stuke,mstuke4z
180,181,Drona,Parley,dparley50
181,182,Eleanora,Trayton,etrayton51
182,183,Elsa,Dettmar,edettmar52
183,184,Danni,Wabersich,dwabersich53
184,185,Glynis,Brownhall,gbrownhall54
185,186,Lek,Audus,laudus55
186,187,Filippo,Goldspink,fgoldspink56
187,188,Rudolf,Choulerton,rchoulerton57
188,189,Sheeree,Geerling,sgeerling58
189,190,Hattie,Duncan,hduncan59
190,191,Nerte,Varnes,nvarnes5a
191,192,Kerby,Sproat,ksproat5b
192,193,Catina,Nussen,cnussen5c
193,194,Ellynn,Rushby,erushby5d
194,195,Costa,Gumey,cgumey5e
195,196,Tonnie,Dressell,tdressell5f
196,197,Clywd,Prudence,cprudence5g
197,198,Neddy,Eastwell,neastwell5h
198,199,Monroe,Bodsworth,mbodsworth5i
199,200,Pammy,Blondell,pblondell5j
200,201,Neall,Ianson,nianson5k
201,202,Isidoro,Rosedale,irosedale5l
202,203,Trstram,Peeter,tpeeter5m
203,204,Basile,Moody,bmoody5n
204,205,Padget,Niblo,pniblo5o
205,206,Nikola,Haverson,nhaverson5p
206,207,Vicky,Crilley,vcrilley5q
207,208,Corabella,Claris,cclaris5r
208,209,Tiena,Pattlel,tpattlel5s
209,210,Antoine,Cettell,acettell5t
210,211,Evangelina,Kinney,ekinney5u
211,212,Saunderson,Stebbin,sstebbin5v
212,213,Brigg,McCutcheon,bmccutcheon5w
213,214,Agneta,Dillimore,adillimore5x
214,215,Emalee,McGrann,emcgrann5y
215,216,Wini,Swale,wswale5z
216,217,Rodrick,Hutchins,rhutchins60
217,218,Skylar,Woodman,swoodman61
218,219,Elwin,Golden of Ireland,egoldenofireland62
219,220,Flossy,Haine,fhaine63
220,221,Sissy,Chretien,schretien64
221,222,Fina,Novkovic,fnovkovic65
222,223,Kristin,Fitzsimons,kfitzsimons66
223,224,Gilberta,Crosseland,gcrosseland67
224,225,Brandyn,Caurah,bcaurah68
225,226,Georgeanne,Quittonden,gquittonden69
226,227,Larissa,Leward,lleward6a
227,228,Milena,Spalls,mspalls6b
228,229,Johann,Varran,jvarran6c
229,230,Delainey,Fulk,dfulk6d
230,231,Eduardo,Kirimaa,ekirimaa6e
231,232,Maisey,Lapley,mlapley6f
232,233,Vickie,Smooth,vsmooth6g
233,234,Harley,Deere,hdeere6h
234,235,Sisile,Bowering,sbowering6i
235,236,Stephannie,Spensly,sspensly6j
236,237,Kitti,Askham,kaskham6k
237,238,Liane,Bollom,lbollom6l
238,239,Bobbi,Shaxby,bshaxby6m
239,240,Barrett,Sayburn,bsayburn6n
240,241,Elissa,Fowden,efowden6o
241,242,Leontyne,Woodroofe,lwoodroofe6p
242,243,Mellicent,Sanches,msanches6q
243,244,Robers,Brunskill,rbrunskill6r
244,245,Jonah,Nansom,jnansom6s
245,246,Milt,Tallow,mtallow6t
246,247,Alameda,Winship,awinship6u
247,248,Grant,MacGillespie,gmacgillespie6v
248,249,Ermanno,Standring,estandring6w
249,250,Charmion,Anglin,canglin6x
250,251,Ashla,Mussen,amussen6y
251,252,Dorisa,Gravell,dgravell6z
252,253,Tab,Munns,tmunns70
253,254,Yevette,Durbin,ydurbin71
254,255,Danna,Stickins,dstickins72
255,256,Sophie,Satterfitt,ssatterfitt73
256,257,Letta,Winspire,lwinspire74
257,258,Reuben,Pochin,rpochin75
258,259,Glynis,Proschek,gproschek76
259,260,Kacie,Lazare,klazare77
260,261,Craggy,Rhymer,crhymer78
261,262,Josephina,Stickney,jstickney79
262,263,Brandi,Knath,bknath7a
263,264,Scott,Quilligan,squilligan7b
264,265,Herbie,Crust,hcrust7c
265,266,Francesco,Sealey,fsealey7d
266,267,Stormy,Gullick,sgullick7e
267,268,Sky,Demchen,sdemchen7f
268,269,Corbin,Crewther,ccrewther7g
269,270,Mignonne,Lighterness,mlighterness7h
270,271,Brittany,Bleier,bbleier7i
271,272,Shepard,Magner,smagner7j
272,273,Randene,Causton,rcauston7k
273,274,Suzie,Dionsetti,sdionsetti7l
274,275,Hewitt,Aujouanet,haujouanet7m
275,276,Alphard,Cutchey,acutchey7n
276,277,Tessy,McGragh,tmcgragh7o
277,278,Edeline,Tofanelli,etofanelli7p
278,279,Moishe,Baldocci,mbaldocci7q
279,280,Stephan,Yorath,syorath7r
280,281,Beth,Housegoe,bhousegoe7s
281,282,Steven,Hunting,shunting7t
282,283,Aile,Poulden,apoulden7u
283,284,Beulah,Croughan,bcroughan7v
284,285,Norma,Plet,nplet7w
285,286,Nathaniel,Moses,nmoses7x
286,287,Antonina,Pordal,apordal7y
287,288,Shermie,Hackly,shackly7z
288,289,Melosa,Giacomoni,mgiacomoni80
289,290,Sauveur,Blaxland,sblaxland81
290,291,Costa,McIlveen,cmcilveen82
291,292,Ernestine,Bryenton,ebryenton83
292,293,Eloisa,Burndred,eburndred84
293,294,Zara,Rolfe,zrolfe85
294,295,Hyacinth,Beresfore,hberesfore86
295,296,Clayborn,Soigoux,csoigoux87
296,297,Angy,Raisbeck,araisbeck88
297,298,Titos,Fairrie,tfairrie89
298,299,Janella,Folk,jfolk8a
299,300,Faina,Maytom,fmaytom8b
300,301,Lenci,Glanester,lglanester8c
301,302,Murry,Geaveny,mgeaveny8d
302,303,Krishnah,Bugden,kbugden8e
303,304,Ethelyn,Sparkwell,esparkwell8f
304,305,Pip,Tumilson,ptumilson8g
305,306,Octavia,Lally,olally8h
306,307,Torrey,Lumm,tlumm8i
307,308,Gayleen,Stempe,gstempe8j
308,309,Irina,Burness,iburness8k
309,310,Parrnell,Bracknell,pbracknell8l
310,311,Lanie,Drewett,ldrewett8m
311,312,Enoch,Sheraton,esheraton8n
312,313,Kirk,Sabatier,ksabatier8o
313,314,Ilaire,Craney,icraney8p
314,315,Jodie,Rymell,jrymell8q
315,316,Emilio,Grimmer,egrimmer8r
316,317,Nicholle,Panter,npanter8s
317,318,Rowney,Cockayne,rcockayne8t
318,319,Ginelle,Lehenmann,glehenmann8u
319,320,Ninnette,Sloley,nsloley8v
320,321,Coraline,Gegg,cgegg8w
321,322,Frans,Ricci,fricci8x
322,323,Isabel,Lafford,ilafford8y
323,324,Thane,Dallaway,tdallaway8z
324,325,Krystal,Eyckelberg,keyckelberg90
325,326,Lowell,Dulany,ldulany91
326,327,Leodora,Craggs,lcraggs92
327,328,Dilan,Blann,dblann93
328,329,Gertrude,Adlington,gadlington94
329,330,Evania,Pray,epray95
330,331,Barbe,McGeady,bmcgeady96
331,332,Darda,Luscott,dluscott97
332,333,Charleen,Petkov,cpetkov98
333,334,Teddy,Czaja,tczaja99
334,335,Marilee,Stormes,mstormes9a
335,336,Francesca,Crop,fcrop9b
336,337,Janessa,Reolfi,jreolfi9c
337,338,Hastie,Lapree,hlapree9d
338,339,Steve,Brunskill,sbrunskill9e
339,340,Johnnie,Lacky,jlacky9f
340,341,Winonah,Unwins,wunwins9g
341,342,Sabina,Wickey,swickey9h
342,343,Adaline,Fullom,afullom9i
343,344,Dillon,Sadry,dsadry9j
344,345,Indira,Gainforth,igainforth9k
345,346,Iver,Benduhn,ibenduhn9l
346,347,Anatola,Le Pine,alepine9m
347,348,Raquela,Fenkel,rfenkel9n
348,349,Jermain,Billinge,jbillinge9o
349,350,Jacqui,Cyseley,jcyseley9p
350,351,Desdemona,Ertel,dertel9q
351,352,Hyacinthia,Geekie,hgeekie9r
352,353,Alexandre,Kelledy,akelledy9s
353,354,Elvyn,Lattimer,elattimer9t
354,355,Holly,St Pierre,hstpierre9u
355,356,Haskell,Iacovelli,hiacovelli9v
356,357,Breanne,Butterly,bbutterly9w
357,358,Sibyl,Salter,ssalter9x
358,359,Sephira,Carruthers,scarruthers9y
359,360,Claiborne,Barlas,cbarlas9z
360,361,Codee,Pearcy,cpearcya0
361,362,Nickolai,Maltster,nmaltstera1
362,363,Trent,Henstridge,thenstridgea2
363,364,Jaclin,Brennen,jbrennena3
364,365,Shandee,Skeeles,sskeelesa4
365,366,Dolley,Brothwell,dbrothwella5
366,367,Maryrose,Raison,mraisona6
367,368,Gertie,Jaszczak,gjaszczaka7
368,369,Athena,Mattusov,amattusova8
369,370,Shandra,Leach,sleacha9
370,371,Traver,Kasper,tkasperaa
371,372,Clareta,Figge,cfiggeab
372,373,Mendy,Cluderay,mcluderayac
373,374,Goldarina,Mityashin,gmityashinad
374,375,Anna-diana,Skudder,askudderae
375,376,Garald,Axelbey,gaxelbeyaf
376,377,Natty,McKern,nmckernag
377,378,Crissie,Curdell,ccurdellah
378,379,Ilario,O'Hern,iohernai
379,380,Giustino,Ormond,gormondaj
380,381,Dorolice,Bratchell,dbratchellak
381,382,Renado,Welham,rwelhamal
382,383,Raynor,Stempe,rstempeam
383,384,Hilarius,Kirtland,hkirtlandan
384,385,Britt,Gaffon,bgaffonao
385,386,Ruthi,Sibley,rsibleyap
386,387,Thea,Pellamonuten,tpellamonutenaq
387,388,Sandor,Frunks,sfrunksar
388,389,Norby,Mulvihill,nmulvihillas
389,390,Alexis,Pottage,apottageat
390,391,Shae,Brooker,sbrookerau
391,392,Clayborn,Metherell,cmetherellav
392,393,Giovanni,Kores,gkoresaw
393,394,Ramon,Steere,rsteereax
394,395,Phil,Merrell,pmerrellay
395,396,Milli,Biggans,mbiggansaz
396,397,Isadora,McReath,imcreathb0
397,398,Herbert,Corten,hcortenb1
398,399,Sonia,Roaf,sroafb2
399,400,Simone,Nockles,snocklesb3
400,401,Denni,Sugarman,dsugarmanb4
401,402,Pierce,Wortman,pwortmanb5
402,403,Johnath,Warlow,jwarlowb6
403,404,Vickie,Kerrod,vkerrodb7
404,405,Loella,Binny,lbinnyb8
405,406,Adelbert,Jiggens,ajiggensb9
406,407,Frankie,Tommis,ftommisba
407,408,Dasya,Skeen,dskeenbb
408,409,Vonny,Eastam,veastambc
409,410,Noah,Ellison,nellisonbd
410,411,Diana,Bryns,dbrynsbe
411,412,Kasper,Plesing,kplesingbf
412,413,Lela,Forsdicke,lforsdickebg
413,414,Humfrid,O'Bradane,hobradanebh
414,415,Nathan,Kemitt,nkemittbi
415,416,Shawna,Truggian,struggianbj
416,417,Jelene,Meachem,jmeachembk
417,418,Robinette,Brinsden,rbrinsdenbl
418,419,Ferris,Aven,favenbm
419,420,Francois,Tuiller,ftuillerbn
420,421,Randolph,Inglefield,ringlefieldbo
421,422,Odelle,Sivior,osiviorbp
422,423,Otes,Gomes,ogomesbq
423,424,Holden,Baylay,hbaylaybr
424,425,Opalina,Pendred,opendredbs
425,426,Kaja,Ferrarone,kferraronebt
426,427,Kynthia,Nelm,knelmbu
427,428,Katusha,Mundie,kmundiebv
428,429,Cal,Gilley,cgilleybw
429,430,Vinny,Corneille,vcorneillebx
430,431,Darsie,Leith,dleithby
431,432,Hetti,Gajownik,hgajownikbz
432,433,Noach,Straun,nstraunc0
433,434,Dino,Roloff,droloffc1
434,435,Loutitia,Hallows,lhallowsc2
435,436,Roby,McCaskell,rmccaskellc3
436,437,Ollie,Powter,opowterc4
437,438,Matthieu,Ferriere,mferrierec5
438,439,Annabelle,Attenbrough,aattenbroughc6
439,440,Marcia,Jaquin,mjaquinc7
440,441,Neille,Petrowsky,npetrowskyc8
441,442,Pacorro,Nurse,pnursec9
442,443,Curr,Ingman,cingmanca
443,444,Lonni,Levey,lleveycb
444,445,Tiffani,Braunton,tbrauntoncc
445,446,Baxie,Schubert,bschubertcd
446,447,Nicol,Beasley,nbeasleyce
447,448,Adda,Pipkin,apipkincf
448,449,Salvador,Legister,slegistercg
449,450,Nadya,Jeger,njegerch
450,451,Gage,Howler,ghowlerci
451,452,Korey,McCarly,kmccarlycj
452,453,Tomlin,Caulier,tcaulierck
453,454,Dre,Devericks,ddeverickscl
454,455,Buck,Forgan,bforgancm
455,456,Darren,Sauvan,dsauvancn
456,457,Carita,Scutts,cscuttsco
457,458,Bryant,Dalgarnowch,bdalgarnowchcp
458,459,Ranee,Kynett,rkynettcq
459,460,Geraldine,Smaling,gsmalingcr
460,461,Bobbette,Kupka,bkupkacs
461,462,Rosie,O'Henecan,rohenecanct
462,463,Georgine,Pickles,gpicklescu
463,464,Brita,Riches,brichescv
464,465,Teddie,Darbyshire,tdarbyshirecw
465,466,Cassy,Martijn,cmartijncx
466,467,Boot,Morrish,bmorrishcy
467,468,Natalee,Janicek,njanicekcz
468,469,Irvin,Gillies,igilliesd0
469,470,Ferris,Prate,fprated1
470,471,Suzanna,O'Hdirscoll,sohdirscolld2
471,472,Haydon,Gocher,hgocherd3
472,473,Virginia,Orgill,vorgilld4
473,474,Towny,Iannuzzi,tiannuzzid5
474,475,Fredrick,Baltrushaitis,fbaltrushaitisd6
475,476,Madalena,Colleymore,mcolleymored7
476,477,Wilone,Sizeland,wsizelandd8
477,478,Jeralee,Cordaroy,jcordaroyd9
478,479,Adriaens,Duigan,aduiganda
479,480,Nissa,Hirjak,nhirjakdb
480,481,Leann,Sarch,lsarchdc
481,482,Dirk,Rattry,drattrydd
482,483,Jaime,Askew,jaskewde
483,484,Ileane,Hairsnape,ihairsnapedf
484,485,Grant,Celez,gcelezdg
485,486,Roarke,Chaffe,rchaffedh
486,487,Beau,Leyninye,bleyninyedi
487,488,Earle,Kobus,ekobusdj
488,489,Ortensia,Grahlmans,ograhlmansdk
489,490,Sheila,Huitt,shuittdl
490,491,Zed,Tomlett,ztomlettdm
491,492,Frans,Stanion,fstaniondn
492,493,Tanner,Bamell,tbamelldo
493,494,Ronny,Carcas,rcarcasdp
494,495,Sonnnie,Probart,sprobartdq
495,496,Avis,Undy,aundydr
496,497,Freddy,Lillford,flillfordds
497,498,Tait,Paike,tpaikedt
498,499,Chloris,Ceccoli,cceccolidu
499,500,Lorianna,Lathleiffure,llathleiffuredv
500,501,Raleigh,Gepp,rgeppdw
501,502,Aloisia,Hickin,ahickindx
502,503,Myrna,Michie,mmichiedy
503,504,Zane,Schottli,zschottlidz
504,505,Marcelle,Alders,malderse0
505,506,Drona,Edbrooke,dedbrookee1
506,507,Morey,Cunnow,mcunnowe2
507,508,Bert,Truluck,btrulucke3
508,509,Alonso,Pigdon,apigdone4
509,510,Claire,Baumford,cbaumforde5
510,511,Hodge,Rewan,hrewane6
511,512,Freddie,Ikins,fikinse7
512,513,Colleen,Etherson,cethersone8
513,514,Alberto,Werny,awernye9
514,515,Imelda,Jamison,ijamisonea
515,516,May,Mowbury,mmowburyeb
516,517,Barbaraanne,Morrall,bmorrallec
517,518,Annabela,Lant,alanted
518,519,Markus,Stilwell,mstilwellee
519,520,Lennard,Gravestone,lgravestoneef
520,521,Cassaundra,Keizman,ckeizmaneg
521,522,Rivy,Fenemore,rfenemoreeh
522,523,Linda,Skitral,lskitralei
523,524,Noami,Phlippsen,nphlippsenej
524,525,Josefa,Reside,jresideek
525,526,Lindsy,Watman,lwatmanel
526,527,Oliviero,MacGall,omacgallem
527,528,Cathi,Lowne,clowneen
528,529,Cully,Crichmere,ccrichmereeo
529,530,Dicky,McGrady,dmcgradyep
530,531,Candi,Dubble,cdubbleeq
531,532,Helsa,Feldstein,hfeldsteiner
532,533,Aindrea,Carrack,acarrackes
533,534,Sandy,Szymanek,sszymaneket
534,535,Robenia,Farfoot,rfarfooteu
535,536,Augustine,de la Valette Parisot,adelavaletteparisotev
536,537,Bonnie,Biggans,bbiggansew
537,538,Giles,MacAlpin,gmacalpinex
538,539,Kelcey,Fitzjohn,kfitzjohney
539,540,Axel,Jeffress,ajeffressez
540,541,Leigh,Skarr,lskarrf0
541,542,Mitch,Hintze,mhintzef1
542,543,Maddie,Jandac,mjandacf2
543,544,Bat,Burgne,bburgnef3
544,545,Boris,Fay,bfayf4
545,546,Madelin,Battista,mbattistaf5
546,547,Hannis,Melloy,hmelloyf6
547,548,Loydie,Cottesford,lcottesfordf7
548,549,Karine,Heighton,kheightonf8
549,550,Saree,Garlett,sgarlettf9
550,551,Conan,Korda,ckordafa
551,552,Celesta,Kopta,ckoptafb
552,553,Stevena,Farre,sfarrefc
553,554,Dinny,Longmate,dlongmatefd
554,555,Wendie,Kleeborn,wkleebornfe
555,556,Retha,MacKeogh,rmackeoghff
556,557,Amalita,Acom,aacomfg
557,558,Cherlyn,Westraw,cwestrawfh
558,559,Saundra,Whitmore,swhitmorefi
559,560,Ermanno,Greenroa,egreenroafj
560,561,Alix,Orange,aorangefk
561,562,Gussi,Bedbrough,gbedbroughfl
562,563,Dorolisa,Skelhorn,dskelhornfm
563,564,Myrwyn,Alvin,malvinfn
564,565,Egan,Itzcovich,eitzcovichfo
565,566,Man,Holleran,mholleranfp
566,567,Virginia,Fucher,vfucherfq
567,568,Dietrich,Tutchings,dtutchingsfr
568,569,Dulcie,Drohun,ddrohunfs
569,570,Percival,Fanstone,pfanstoneft
570,571,Carlynne,Hambidge,chambidgefu
571,572,Kendrick,Provest,kprovestfv
572,573,Shermy,Wareing,swareingfw
573,574,Gabriel,Jakoubek,gjakoubekfx
574,575,Sarena,Dowda,sdowdafy
575,576,Merrie,Craske,mcraskefz
576,577,Bern,Darbey,bdarbeyg0
577,578,Juliette,O'Spellissey,jospellisseyg1
578,579,Wandis,Wakley,wwakleyg2
579,580,Gert,Grishukov,ggrishukovg3
580,581,Alard,Santori,asantorig4
581,582,Paton,Dabney,pdabneyg5
582,583,Clevey,Mawer,cmawerg6
583,584,Mavis,Brogiotti,mbrogiottig7
584,585,Harold,Grennan,hgrennang8
585,586,Sharai,Alforde,salfordeg9
586,587,Carmon,Prynne,cprynnega
587,588,Loren,Vearnals,lvearnalsgb
588,589,Terese,Borrett,tborrettgc
589,590,Clevey,Jimenez,cjimenezgd
590,591,Philippe,Frazier,pfrazierge
591,592,Isaak,Hague,ihaguegf
592,593,Merrilee,Barenskie,mbarenskiegg
593,594,Alikee,Swindells,aswindellsgh
594,595,Briana,Ipgrave,bipgravegi
595,596,Gale,Bridgwood,gbridgwoodgj
596,597,Frieda,Hartzenberg,fhartzenberggk
597,598,Colver,Paike,cpaikegl
598,599,Margarete,Yashunin,myashuningm
599,600,Farlay,Hastelow,fhastelowgn
600,601,Franciskus,Zelner,fzelnergo
601,602,Shadow,Shepheard,sshepheardgp
602,603,Faber,Boylan,fboylangq
603,604,Agnella,Pritchitt,apritchittgr
604,605,Jone,Aikett,jaikettgs
605,606,Britt,Kershaw,bkershawgt
606,607,Nolan,Pleuman,npleumangu
607,608,Jerome,Faircliff,jfaircliffgv
608,609,Chantal,Fuge,cfugegw
609,610,Ramon,Morecomb,rmorecombgx
610,611,Irma,Gimson,igimsongy
611,612,Willie,Eastam,weastamgz
612,613,Alvy,Norledge,anorledgeh0
613,614,Guthrey,Muncaster,gmuncasterh1
614,615,Ashli,Gorvette,agorvetteh2
615,616,Auguste,Cody,acodyh3
616,617,Hobie,Dawtry,hdawtryh4
617,618,Pansie,Walicki,pwalickih5
618,619,Demetrius,Feldberger,dfeldbergerh6
619,620,Melvin,Whitfield,mwhitfieldh7
620,621,Cheston,Glossup,cglossuph8
621,622,Sandye,Snibson,ssnibsonh9
622,623,Elberta,Barstock,ebarstockha
623,624,Kellina,Ritter,kritterhb
624,625,Gladi,Hempel,ghempelhc
625,626,Antone,Vela,avelahd
626,627,Jordain,Whines,jwhineshe
627,628,Baillie,Shemilt,bshemilthf
628,629,Quentin,Kennelly,qkennellyhg
629,630,Ignatius,Shevlin,ishevlinhh
630,631,Orelee,Van Niekerk,ovanniekerkhi
631,632,Georgina,Chadband,gchadbandhj
632,633,Aliza,Nalder,analderhk
633,634,Harland,Crews,hcrewshl
634,635,Levy,Lethebridge,llethebridgehm
635,636,Nappie,Malyon,nmalyonhn
636,637,Mira,Knivett,mknivettho
637,638,Libbie,Iacabucci,liacabuccihp
638,639,Maryellen,Neasam,mneasamhq
639,640,Hallie,Naper,hnaperhr
640,641,Gloriane,Nisuis,gnisuishs
641,642,Krisha,Mars,kmarsht
642,643,Keane,Hannaby,khannabyhu
643,644,Yorker,Codron,ycodronhv
644,645,Hamilton,Claringbold,hclaringboldhw
645,646,Fitzgerald,Coathup,fcoathuphx
646,647,Candice,Cogan,ccoganhy
647,648,Edna,Merrilees,emerrileeshz
648,649,Hattie,Walkling,hwalklingi0
649,650,Rozele,Amorts,ramortsi1
650,651,Marsha,Drewe,mdrewei2
651,652,Angelica,Mibourne,amibournei3
652,653,Sara-ann,Pavitt,spavitti4
653,654,Bartholomeo,Babb,bbabbi5
654,655,Octavius,Walbridge,owalbridgei6
655,656,Olivero,Jindrich,ojindrichi7
656,657,Cobb,Duthie,cduthiei8
657,658,Corette,Durand,cdurandi9
658,659,Bat,Frangello,bfrangelloia
659,660,Arnuad,Dumbrall,adumbrallib
660,661,Lind,Ahrenius,lahreniusic
661,662,Kelly,Haken,khakenid
662,663,Marian,Klejna,mklejnaie
663,664,Tadio,Cumo,tcumoif
664,665,Tiffie,Earie,tearieig
665,666,Leena,Emptage,lemptageih
666,667,Allys,Purvis,apurvisii
667,668,Danella,Jarrard,djarrardij
668,669,Rasia,Lies,rliesik
669,670,Arlina,Paffitt,apaffittil
670,671,Jeremiah,Elger,jelgerim
671,672,Jocko,Domleo,jdomleoin
672,673,Isaac,Sherwin,isherwinio
673,674,Stephan,O'Corrin,socorrinip
674,675,Tailor,Vedyaev,tvedyaeviq
675,676,Ketti,Shinn,kshinnir
676,677,Susi,Christophe,schristopheis
677,678,Leone,Fransson,lfranssonit
678,679,Albrecht,Newlove,anewloveiu
679,680,Bambie,Torn,btorniv
680,681,Ezmeralda,Salterne,esalterneiw
681,682,Guillemette,Pounsett,gpounsettix
682,683,Land,Barwell,lbarwelliy
683,684,Jermaine,Stuckey,jstuckeyiz
684,685,Kasper,Reary,krearyj0
685,686,Kylen,Wiskar,kwiskarj1
686,687,Kevina,Hanks,khanksj2
687,688,Elfie,Blench,eblenchj3
688,689,Holt,Adin,hadinj4
689,690,Theodore,Van Giffen,tvangiffenj5
690,691,Cindra,Imbrey,cimbreyj6
691,692,Licha,Daout,ldaoutj7
692,693,Glennie,Mobius,gmobiusj8
693,694,Gasper,Baike,gbaikej9
694,695,Hilary,Bloschke,hbloschkeja
695,696,Klarika,Gitsham,kgitshamjb
696,697,Dene,Greenacre,dgreenacrejc
697,698,Agnesse,Lezemore,alezemorejd
698,699,Bordie,Hedworth,bhedworthje
699,700,Maurita,Jochens,mjochensjf
700,701,Darrin,Withrop,dwithropjg
701,702,Weidar,Frichley,wfrichleyjh
702,703,Rae,Denness,rdennessji
703,704,Mace,Grindrod,mgrindrodjj
704,705,Nyssa,Yerbury,nyerburyjk
705,706,Cordy,Keymer,ckeymerjl
706,707,Bondy,Tassel,btasseljm
707,708,Morissa,Grastye,mgrastyejn
708,709,Alanah,Khomich,akhomichjo
709,710,Ruddy,Northall,rnorthalljp
710,711,Sansone,Fane,sfanejq
711,712,Lorie,Salzen,lsalzenjr
712,713,Gabbie,Gershom,ggershomjs
713,714,Ailbert,Shankster,ashanksterjt
714,715,Guthrie,Lockart,glockartju
715,716,Alica,Eke,aekejv
716,717,Meaghan,Ellson,mellsonjw
717,718,Flori,Summerell,fsummerelljx
718,719,Jordanna,Grelka,jgrelkajy
719,720,Harmonia,Ditchett,hditchettjz
720,721,Jonis,Strete,jstretek0
721,722,Isador,Twinning,itwinningk1
722,723,Sophronia,Newcombe,snewcombek2
723,724,Marcie,Orgill,morgillk3
724,725,Constanta,Hamer,chamerk4
725,726,Daphne,Mushart,dmushartk5
726,727,Sigvard,Jaggs,sjaggsk6
727,728,Glenden,Martygin,gmartygink7
728,729,Lorianne,Humes,lhumesk8
729,730,Herbert,Matthewes,hmatthewesk9
730,731,Erin,Dolphin,edolphinka
731,732,Ophelia,Matchett,omatchettkb
732,733,Skippy,McBeath,smcbeathkc
733,734,Wayland,Curwood,wcurwoodkd
734,735,Mace,Cordelette,mcordeletteke
735,736,Cad,Campkin,ccampkinkf
736,737,Dierdre,Walles,dwalleskg
737,738,Joel,Berry,jberrykh
738,739,Locke,Aldwich,laldwichki
739,740,Sven,Tine,stinekj
740,741,Gayle,Kendell,gkendellkk
741,742,Mahala,Bosse,mbossekl
742,743,Doreen,McArthur,dmcarthurkm
743,744,Ailsun,Vearncombe,avearncombekn
744,745,Gawen,Troctor,gtroctorko
745,746,Hubert,Costain,hcostainkp
746,747,Fonzie,Tunkin,ftunkinkq
747,748,Ernestine,Nafziger,enafzigerkr
748,749,Larisa,Kunkel,lkunkelks
749,750,Bondie,Caws,bcawskt
750,751,Ab,Duprey,adupreyku
751,752,Serge,Crouse,scrousekv
752,753,Margaretha,Pountney,mpountneykw
753,754,Annabal,McGebenay,amcgebenaykx
754,755,Cosette,Ketteringham,cketteringhamky
755,756,Rudolf,Trowl,rtrowlkz
756,757,Bernardina,Presswell,bpresswelll0
757,758,Rhianna,Frail,rfraill1
758,759,Shelby,Barthel,sbarthell2
759,760,Collete,Rainy,crainyl3
760,761,Frederica,MacRory,fmacroryl4
761,762,Temple,Cristofaro,tcristofarol5
762,763,Ruthy,Matussevich,rmatussevichl6
763,764,Benjamen,Didball,bdidballl7
764,765,Isidore,Haslum,ihasluml8
765,766,Idette,Edghinn,iedghinnl9
766,767,Oralie,Breckenridge,obreckenridgela
767,768,Katee,Dronsfield,kdronsfieldlb
768,769,Buckie,Asker,baskerlc
769,770,Crissie,Sugge,csuggeld
770,771,Lorelei,Tolworthie,ltolworthiele
771,772,Ferrel,Johantges,fjohantgeslf
772,773,Ruthanne,Cotgrove,rcotgrovelg
773,774,Agna,Jina,ajinalh
774,775,Nolan,Warder,nwarderli
775,776,Eb,O'Scollain,eoscollainlj
776,777,Phelia,Overall,poveralllk
777,778,Malva,Dengate,mdengatell
778,779,Julianna,Bonnell,jbonnelllm
779,780,Skipp,Heater,sheaterln
780,781,Michelle,Wayman,mwaymanlo
781,782,Brendin,Danilchev,bdanilchevlp
782,783,Harriot,Warrack,hwarracklq
783,784,Hamish,Parlatt,hparlattlr
784,785,Sigvard,Day,sdayls
785,786,Amelia,Singers,asingerslt
786,787,Timmy,Flello,tflellolu
787,788,Yuri,Ilchenko,yilchenkolv
788,789,Faith,Pilkington,fpilkingtonlw
789,790,Sophronia,Innwood,sinnwoodlx
790,791,Binni,Loins,bloinsly
791,792,Hedda,Shilito,hshilitolz
792,793,Robbin,Cokayne,rcokaynem0
793,794,Aldwin,Cotelard,acotelardm1
794,795,Cati,Scotson,cscotsonm2
795,796,Julius,Lebreton,jlebretonm3
796,797,Ruby,Huddlestone,rhuddlestonem4
797,798,Goldarina,Faulconbridge,gfaulconbridgem5
798,799,Delinda,Postin,dpostinm6
799,800,Branden,Chazotte,bchazottem7
800,801,Belia,Aronow,baronowm8
801,802,Avril,Jovovic,ajovovicm9
802,803,Roderic,Dwine,rdwinema
803,804,Thebault,Conlon,tconlonmb
804,805,Brew,O'Feeney,bofeeneymc
805,806,Karie,Batkin,kbatkinmd
806,807,Thomasa,Bolens,tbolensme
807,808,Irving,Dilston,idilstonmf
808,809,Margret,Ovise,movisemg
809,810,Hurley,Rouke,hroukemh
810,811,Calla,Bisacre,cbisacremi
811,812,Tomaso,Lintill,tlintillmj
812,813,Teddy,Fishburn,tfishburnmk
813,814,Cordula,MacGown,cmacgownml
814,815,Garvin,Bryceson,gbrycesonmm
815,816,Brandi,Larkins,blarkinsmn
816,817,Morton,Schruurs,mschruursmo
817,818,Peyton,Birrell,pbirrellmp
818,819,Eadmund,Ladell,eladellmq
819,820,Zebedee,Kinane,zkinanemr
820,821,Britney,Dykes,bdykesms
821,822,Glenna,Canto,gcantomt
822,823,Donia,Triswell,dtriswellmu
823,824,Devan,Blacket,dblacketmv
824,825,Nanine,Gurery,ngurerymw
825,826,Marilin,Enocksson,menockssonmx
826,827,Marion,Halms,mhalmsmy
827,828,Morgana,Kopec,mkopecmz
828,829,Layton,Hanshaw,lhanshawn0
829,830,Lonna,Goaley,lgoaleyn1
830,831,Reinwald,Muselli,rmusellin2
831,832,Bernetta,Krystof,bkrystofn3
832,833,Gherardo,McCarty,gmccartyn4
833,834,Elle,Bodicam,ebodicamn5
834,835,Josefina,Plank,jplankn6
835,836,Lori,Erb,lerbn7
836,837,Donn,Sandars,dsandarsn8
837,838,Forrester,Ziebart,fziebartn9
838,839,Randi,Phelit,rphelitna
839,840,Dale,Kermit,dkermitnb
840,841,Meriel,Bensley,mbensleync
841,842,Lemar,Ruit,lruitnd
842,843,Russell,Cutill,rcutillne
843,844,Leonelle,Matasov,lmatasovnf
844,845,Trina,Towle,ttowleng
845,846,Adam,Gibard,agibardnh
846,847,Paco,Humby,phumbyni
847,848,Audra,Axworthy,aaxworthynj
848,849,Pate,Purdon,ppurdonnk
849,850,Gaylord,Tevlin,gtevlinnl
850,851,Gaynor,Skipping,gskippingnm
851,852,Ofella,Tremolieres,otremolieresnn
852,853,Editha,Juggins,ejugginsno
853,854,Genni,Gosnay,ggosnaynp
854,855,Marissa,Van der Baaren,mvanderbaarennq
855,856,Gayelord,Ricson,gricsonnr
856,857,Berna,de Quesne,bdequesnens
857,858,Harvey,Haskey,hhaskeynt
858,859,Bradley,Wardhough,bwardhoughnu
859,860,Yuma,Playden,yplaydennv
860,861,Lisa,Mullane,lmullanenw
861,862,Frasco,Huckett,fhuckettnx
862,863,Erny,Ciccottio,eciccottiony
863,864,Farlie,Pitsall,fpitsallnz
864,865,Druci,Saw,dsawo0
865,866,Fabien,Greetland,fgreetlando1
866,867,Cookie,Newart,cnewarto2
867,868,Celia,Masden,cmasdeno3
868,869,Randie,Lock,rlocko4
869,870,Julie,Ducker,jduckero5
870,871,Haily,Fenemore,hfenemoreo6
871,872,Demetris,Snap,dsnapo7
872,873,Cilka,Zink,czinko8
873,874,Clareta,Claige,cclaigeo9
874,875,Alwyn,Huggin,ahugginoa
875,876,Nick,Isgate,nisgateob
876,877,Malia,Cluett,mcluettoc
877,878,Judy,Welland,jwellandod
878,879,Rudolfo,Gowing,rgowingoe
879,880,Thatch,Coronas,tcoronasof
880,881,Constantin,Brazier,cbrazierog
881,882,Francisco,Spawell,fspawelloh
882,883,Ripley,Havers,rhaversoi
883,884,Maryellen,Goldney,mgoldneyoj
884,885,Florette,Janak,fjanakok
885,886,Josepha,Duthie,jduthieol
886,887,Broderic,Neem,bneemom
887,888,Marcello,Burkinshaw,mburkinshawon
888,889,Honor,Fenck,hfenckoo
889,890,Roberto,Angier,rangierop
890,891,Ricki,Blundel,rblundeloq
891,892,Westley,Pinor,wpinoror
892,893,Georgina,Lansley,glansleyos
893,894,Rhona,De Gregoli,rdegregoliot
894,895,Rowe,Wigfield,rwigfieldou
895,896,Farrel,Tartt,ftarttov
896,897,Mordy,Cuddon,mcuddonow
897,898,Heidie,Emblin,hemblinox
898,899,Sergent,Sizland,ssizlandoy
899,900,Jeffrey,Heeney,jheeneyoz
900,901,Alon,Seary,asearyp0
901,902,Reeva,Moulding,rmouldingp1
902,903,Christen,Gendrich,cgendrichp2
903,904,Nikos,Heys,nheysp3
904,905,Benedict,Mc Grath,bmcgrathp4
905,906,Charin,Coram,ccoramp5
906,907,Kendall,Readman,kreadmanp6
907,908,Tine,Gamble,tgamblep7
908,909,Guntar,Morrel,gmorrelp8
909,910,Wilton,Tomik,wtomikp9
910,911,Graig,Entreis,gentreispa
911,912,Madlin,Allitt,mallittpb
912,913,Jyoti,O'Bruen,jobruenpc
913,914,Mireille,Fairhurst,mfairhurstpd
914,915,Darb,Potkins,dpotkinspe
915,916,Ethelyn,Fulk,efulkpf
916,917,Joey,Buckeridge,jbuckeridgepg
917,918,Lotte,Mustoe,lmustoeph
918,919,Lauritz,Croote,lcrootepi
919,920,Emilie,Penburton,epenburtonpj
920,921,Tracie,Skedgell,tskedgellpk
921,922,Georgi,Scarasbrick,gscarasbrickpl
922,923,Ogdon,Sabathe,osabathepm
923,924,Ludvig,Nunson,lnunsonpn
924,925,Abrahan,Sterman,astermanpo
925,926,Iris,Tuther,itutherpp
926,927,Ethelin,Golborn,egolbornpq
927,928,Giulietta,Espinha,gespinhapr
928,929,Agosto,Haggleton,ahaggletonps
929,930,Juanita,Densie,jdensiept
930,931,Alexia,Castellet,acastelletpu
931,932,Arlan,McClenan,amcclenanpv
932,933,Madelyn,Tripony,mtriponypw
933,934,Derrik,Manvell,dmanvellpx
934,935,Wye,Gritten,wgrittenpy
935,936,Alika,Branford,abranfordpz
936,937,Timothee,Derrington,tderringtonq0
937,938,Keefe,Sharvill,ksharvillq1
938,939,Ava,Goforth,agoforthq2
939,940,Tammara,Rimell,trimellq3
940,941,Janeen,Lacase,jlacaseq4
941,942,Daune,Jost,djostq5
942,943,Sonia,Goodson,sgoodsonq6
943,944,Adena,Goch,agochq7
944,945,Alasdair,Febry,afebryq8
945,946,Dasya,Steggals,dsteggalsq9
946,947,Theodora,Secret,tsecretqa
947,948,Skelly,Sokill,ssokillqb
948,949,Dorrie,Gue,dgueqc
949,950,Alvin,Keattch,akeattchqd
950,951,Crystie,Shipman,cshipmanqe
951,952,Sonja,McGivena,smcgivenaqf
952,953,Parrnell,Maroney,pmaroneyqg
953,954,Eryn,Gergher,egergherqh
954,955,Gerick,Duesberry,gduesberryqi
955,956,Irena,Cratere,icratereqj
956,957,Renado,Drewson,rdrewsonqk
957,958,Lonni,Constant,lconstantql
958,959,Ulrike,Girdwood,ugirdwoodqm
959,960,Averil,Epton,aeptonqn
960,961,Estella,Rosengart,erosengartqo
961,962,Bartolemo,Lorenzetto,blorenzettoqp
962,963,Cinderella,Bridges,cbridgesqq
963,964,Obed,Males,omalesqr
964,965,Cedric,Seegar,cseegarqs
965,966,Dory,Cirlos,dcirlosqt
966,967,Eberto,Cosely,ecoselyqu
967,968,Brant,Cano,bcanoqv
968,969,Spike,Tod,stodqw
969,970,Granny,Laweles,glawelesqx
970,971,Jorrie,McPartling,jmcpartlingqy
971,972,Nedi,McPeake,nmcpeakeqz
972,973,Jaye,Garrioch,jgarriochr0
973,974,Jennine,Trevan,jtrevanr1
974,975,Junette,Scherme,jschermer2
975,976,Kippie,Garner,kgarnerr3
976,977,Vlad,Sargant,vsargantr4
977,978,Bjorn,Whal,bwhalr5
978,979,Lucais,Ipplett,lipplettr6
979,980,Rosalinda,Mattityahou,rmattityahour7
980,981,Rodney,Royce,rroycer8
981,982,Rowland,Porritt,rporrittr9
982,983,Hetty,Splevin,hsplevinra
983,984,Rafael,Del Checolo,rdelchecolorb
984,985,Dannel,Roaf,droafrc
985,986,Lalo,Kobpac,lkobpacrd
986,987,Celka,Odam,codamre
987,988,Estelle,Pren,eprenrf
988,989,Patricia,Dederick,pdederickrg
989,990,Raphaela,Ambrosi,rambrosirh
990,991,Edi,Rogerot,erogerotri
991,992,Nicholle,Jezard,njezardrj
992,993,Doralynne,Risbrough,drisbroughrk
993,994,Joete,Pechold,jpecholdrl
994,995,Sully,Brasse,sbrasserm
995,996,Tye,Schaffel,tschaffelrn
996,997,Jeni,Ligertwood,jligertwoodro
997,998,Lief,Tuft,ltuftrp
998,999,Sophi,Crallan,scrallanrq
999,1000,Alissa,Alder,aalderrr
1000,1,Liliane,Richter,lrichter0
1001,2,Guinevere,Dargie,gdargie1
1002,3,Rowan,Cowper,rcowper2
1003,4,Wini,Barabisch,wbarabisch3
1004,5,Emelen,Rayment,erayment4
1005,6,Florentia,Stolli,fstolli5
1006,7,Edgardo,Colles,ecolles6
1007,8,Corrina,Stanett,cstanett7
1008,9,Valenka,Beirne,vbeirne8
1009,10,Catharina,Ogdahl,cogdahl9
1010,11,Layney,Elstone,lelstonea
1011,12,Lonnie,Bangham,lbanghamb
1012,13,Mollee,Sazio,msazioc
1013,14,Sander,Jope,sjoped
1014,15,Con,Basile,cbasilee
1015,16,Chickie,Hayfield,chayfieldf
1016,17,Consalve,Paike,cpaikeg
1017,18,Rochelle,Vedeshkin,rvedeshkinh
1018,19,Lisbeth,Paulon,lpauloni
1019,20,Lucienne,Weaver,lweaverj
1020,21,Annie,Clague,aclaguek
1021,22,Hardy,Milbourn,hmilbournl
1022,23,Pincus,Sabbatier,psabbatierm
1023,24,Reagen,Fuentez,rfuentezn
1024,25,Andria,Girardy,agirardyo
1025,26,Shurlocke,Tipler,stiplerp
1026,27,Cchaddie,MacNeely,cmacneelyq
1027,28,Wilbur,Seabrocke,wseabrocker
1028,29,Robinson,Schonfeld,rschonfelds
1029,30,Carlie,Handforth,chandfortht
1030,31,Farrell,Dutteridge,fdutteridgeu
1031,32,Eldredge,Blackborow,eblackborowv
1032,33,Corrie,Costall,ccostallw
1033,34,Bria,Zannini,bzanninix
1034,35,Tony,Sheircliffe,tsheircliffey
1035,36,Guthry,Ivell,givellz
1036,37,Amalita,Doumerque,adoumerque10
1037,38,Robby,Ramey,rramey11
1038,39,Odelle,Strathern,ostrathern12
1039,40,Augie,Glaserman,aglaserman13
1040,41,Benni,Benian,bbenian14
1041,42,Ronnie,Tizard,rtizard15
1042,43,Hube,Rennard,hrennard16
1043,44,Dietrich,Beveridge,dbeveridge17
1044,45,Mella,Sicily,msicily18
1045,46,Leshia,Laugier,llaugier19
1046,47,Delano,Gorrie,dgorrie1a
1047,48,Winifield,Ellerbeck,wellerbeck1b
1048,49,Yolande,Jobey,yjobey1c
1049,50,Tracie,Rudolfer,trudolfer1d
1050,51,Reilly,Siddeley,rsiddeley1e
1051,52,Cornelius,Keighly,ckeighly1f
1052,53,Sheryl,Ferreli,sferreli1g
1053,54,Boyce,Attrey,battrey1h
1054,55,Ely,Lefwich,elefwich1i
1055,56,Philly,Ghidoli,pghidoli1j
1056,57,Lynelle,Pinchback,lpinchback1k
1057,58,Germaine,Meatcher,gmeatcher1l
1058,59,Melitta,Mulvin,mmulvin1m
1059,60,Emlynne,Cade,ecade1n
1060,61,Leora,Castletine,lcastletine1o
1061,62,Walker,Alebrooke,walebrooke1p
1062,63,Twila,Leuren,tleuren1q
1063,64,Keelia,Berndtsson,kberndtsson1r
1064,65,Erny,Obell,eobell1s
1065,66,Siana,Knowler,sknowler1t
1066,67,Corty,Mennear,cmennear1u
1067,68,Ilise,Franciottoi,ifranciottoi1v
1068,69,Jenn,Kleinstein,jkleinstein1w
1069,70,Neila,Lowre,nlowre1x
1070,71,Demetris,Ackermann,dackermann1y
1071,72,Emmet,Cleminshaw,ecleminshaw1z
1072,73,Emmalynne,Tireman,etireman20
1073,74,Ramona,Aps,raps21
1074,75,Pinchas,Nussii,pnussii22
1075,76,Izzy,Seear,iseear23
1076,77,Pammy,Record,precord24
1077,78,Dniren,Lush,dlush25
1078,79,Krystyna,Scoggan,kscoggan26
1079,80,Elyse,Nunn,enunn27
1080,81,Ettie,Ortells,eortells28
1081,82,Corrinne,Guilloton,cguilloton29
1082,83,Cherry,Prydden,cprydden2a
1083,84,Conrad,Noquet,cnoquet2b
1084,85,Isac,Renison,irenison2c
1085,86,Lanae,Rosenstock,lrosenstock2d
1086,87,Reider,Nials,rnials2e
1087,88,Roddy,Annion,rannion2f
1088,89,Elmo,Eitter,eeitter2g
1089,90,Ruth,Schleswig-Holstein,rschleswigholstein2h
1090,91,Woody,Edling,wedling2i
1091,92,Wilona,Delea,wdelea2j
1092,93,Herby,Garrattley,hgarrattley2k
1093,94,Frannie,Skeffington,fskeffington2l
1094,95,Dot,Standidge,dstandidge2m
1095,96,Perle,Riseam,priseam2n
1096,97,Kile,Annesley,kannesley2o
1097,98,Serena,Heggison,sheggison2p
1098,99,Marley,Hanbridge,mhanbridge2q
1099,100,Myrlene,Innman,minnman2r
1100,101,Eddi,Paskerful,epaskerful2s
1101,102,Hagen,McBrearty,hmcbrearty2t
1102,103,Juanita,Cossins,jcossins2u
1103,104,Carmelia,Frantzen,cfrantzen2v
1104,105,Hall,Dare,hdare2w
1105,106,Xymenes,Steen,xsteen2x
1106,107,Arni,Whitelaw,awhitelaw2y
1107,108,Rene,Fordyce,rfordyce2z
1108,109,Fifi,Enticknap,fenticknap30
1109,110,Trista,Goodliffe,tgoodliffe31
1110,111,Christel,Huguenet,chuguenet32
1111,112,Mohammed,Flintiff,mflintiff33
1112,113,Isabella,Peacham,ipeacham34
1113,114,Jen,McSwan,jmcswan35
1114,115,Nilson,Ricco,nricco36
1115,116,Ira,Dufer,idufer37
1116,117,Abbey,Loughlin,aloughlin38
1117,118,Cassie,Hollibone,chollibone39
1118,119,Meredithe,ducarme,mducarme3a
1119,120,Alanson,Hackinge,ahackinge3b
1120,121,Emalee,Ranken,eranken3c
1121,122,Eadmund,Burley,eburley3d
1122,123,Bette-ann,Schwandermann,bschwandermann3e
1123,124,Esta,Neeson,eneeson3f
1124,125,Lizabeth,Rihanek,lrihanek3g
1125,126,Ludvig,Drury,ldrury3h
1126,127,Mady,Pulfer,mpulfer3i
1127,128,Aldin,Itzchaki,aitzchaki3j
1128,129,Horst,Willoughley,hwilloughley3k
1129,130,Phylis,Allport,pallport3l
1130,131,Prentiss,Rogeron,progeron3m
1131,132,Micheal,Corballis,mcorballis3n
1132,133,Jocelyn,Rockwell,jrockwell3o
1133,134,Quinn,Haddick,qhaddick3p
1134,135,Jillie,Pickup,jpickup3q
1135,136,Arlina,Bogart,abogart3r
1136,137,Caressa,Chester,cchester3s
1137,138,Rochester,Rizziello,rrizziello3t
1138,139,Murdoch,Fonzo,mfonzo3u
1139,140,Benedikt,Michiel,bmichiel3v
1140,141,Dorelle,Cardenoso,dcardenoso3w
1141,142,Jacquenetta,Luna,jluna3x
1142,143,Dottie,Gaydon,dgaydon3y
1143,144,Nettie,Print,nprint3z
1144,145,Moyna,Stonehouse,mstonehouse40
1145,146,Clayton,Tedahl,ctedahl41
1146,147,Lorenza,Dillingstone,ldillingstone42
1147,148,Raimund,Di Biagi,rdibiagi43
1148,149,Indira,Dimmick,idimmick44
1149,150,Abagail,Govett,agovett45
1150,151,Gwenora,Jeffels,gjeffels46
1151,152,Arlette,Riglar,ariglar47
1152,153,Daron,Yashin,dyashin48
1153,154,Brandice,Lewens,blewens49
1154,155,Quinta,Stollsteiner,qstollsteiner4a
1155,156,Leonanie,Lind,llind4b
1156,157,Myron,Willingam,mwillingam4c
1157,158,Ann,Jenking,ajenking4d
1158,159,Louie,Moyles,lmoyles4e
1159,160,Sofia,Couronne,scouronne4f
1160,161,Bendick,Tomkin,btomkin4g
1161,162,Dinny,Skoughman,dskoughman4h
1162,163,Jefferson,Nutley,jnutley4i
1163,164,Cassius,Robelet,crobelet4j
1164,165,Dita,Caldow,dcaldow4k
1165,166,Colas,Curror,ccurror4l
1166,167,Philomena,Holywell,pholywell4m
1167,168,Aile,Rope,arope4n
1168,169,Lev,Shutle,lshutle4o
1169,170,Merla,Redgrove,mredgrove4p
1170,171,Bowie,Brimley,bbrimley4q
1171,172,Sadie,Ventham,sventham4r
1172,173,Eduardo,Antonov,eantonov4s
1173,174,Leopold,Biffin,lbiffin4t
1174,175,Aviva,Joskowicz,ajoskowicz4u
1175,176,Red,Weightman,rweightman4v
1176,177,Ingaborg,Flack,iflack4w
1177,178,Alexia,McNellis,amcnellis4x
1178,179,Allen,Dillingstone,adillingstone4y
1179,180,Caleb,Harrowing,charrowing4z
1180,181,Jeri,Redish,jredish50
1181,182,Lesly,Croxton,lcroxton51
1182,183,Gabriello,MacCague,gmaccague52
1183,184,Doll,Moukes,dmoukes53
1184,185,Theresina,Phoebe,tphoebe54
1185,186,Storm,Richly,srichly55
1186,187,Corette,Bougourd,cbougourd56
1187,188,Camilla,Tague,ctague57
1188,189,Shae,Warland,swarland58
1189,190,Jonie,Sellors,jsellors59
1190,191,Darsey,Dobell,ddobell5a
1191,192,Arnoldo,Ludman,aludman5b
1192,193,Honor,Sutehall,hsutehall5c
1193,194,Silvana,Caney,scaney5d
1194,195,Philis,Dosdale,pdosdale5e
1195,196,Morgana,Maddison,mmaddison5f
1196,197,Lanita,Getch,lgetch5g
1197,198,Jobi,Hurll,jhurll5h
1198,199,Clarita,Kinlock,ckinlock5i
1199,200,Gabriell,Duquesnay,gduquesnay5j
1200,201,Aida,Ritson,aritson5k
1201,202,Thedrick,Loines,tloines5l
1202,203,Hobard,Volcker,hvolcker5m
1203,204,Chere,Sagar,csagar5n
1204,205,Quintana,Texton,qtexton5o
1205,206,Lorita,Whimpenny,lwhimpenny5p
1206,207,Shawn,Haddeston,shaddeston5q
1207,208,Vittorio,Olenikov,volenikov5r
1208,209,Alli,Jantet,ajantet5s
1209,210,Nerty,Alty,nalty5t
1210,211,Arel,Dockerty,adockerty5u
1211,212,Clyde,Pheasant,cpheasant5v
1212,213,Alley,Ysson,aysson5w
1213,214,Trish,Barszczewski,tbarszczewski5x
1214,215,Kathi,Bosward,kbosward5y
1215,216,Esmeralda,Friedank,efriedank5z
1216,217,Shane,Scase,sscase60
1217,218,Stevana,Mont,smont61
1218,219,Avril,Wennam,awennam62
1219,220,Damien,Bantock,dbantock63
1220,221,Jordan,Grimsley,jgrimsley64
1221,222,Stanwood,Stockman,sstockman65
1222,223,Courtenay,Keirle,ckeirle66
1223,224,Fanechka,Paynton,fpaynton67
1224,225,Dominica,McTeer,dmcteer68
1225,226,Shena,Smeeth,ssmeeth69
1226,227,Leonanie,Allworthy,lallworthy6a
1227,228,Byron,Fiddiman,bfiddiman6b
1228,229,Brig,Henker,bhenker6c
1229,230,Sullivan,Garmans,sgarmans6d
1230,231,Field,Fillary,ffillary6e
1231,232,Britteny,McCullagh,bmccullagh6f
1232,233,Giacomo,Sarrell,gsarrell6g
1233,234,Gale,Magnus,gmagnus6h
1234,235,Bethina,Schoolfield,bschoolfield6i
1235,236,Kania,Dovidian,kdovidian6j
1236,237,Fredrika,Cogar,fcogar6k
1237,238,Nobe,Littlefair,nlittlefair6l
1238,239,Margy,Simenot,msimenot6m
1239,240,Pearl,Nisco,pnisco6n
1240,241,Em,Broxup,ebroxup6o
1241,242,Jobie,Nester,jnester6p
1242,243,Penn,Ginman,pginman6q
1243,244,Toma,Jacquemard,tjacquemard6r
1244,245,Mose,Roswarn,mroswarn6s
1245,246,Ambrosius,Stockney,astockney6t
1246,247,Dominick,Scrymgeour,dscrymgeour6u
1247,248,Hilary,Hoys,hhoys6v
1248,249,Ravid,Woodwind,rwoodwind6w
1249,250,Feodor,Lyvon,flyvon6x
1250,251,Dominique,Preddle,dpreddle6y
1251,252,Derril,Croxon,dcroxon6z
1252,253,Shandie,Adamsen,sadamsen70
1253,254,Elisabeth,Mattiacci,emattiacci71
1254,255,Sholom,Dulwich,sdulwich72
1255,256,Faber,Barfoot,fbarfoot73
1256,257,Marti,Elsdon,melsdon74
1257,258,Sharai,Springford,sspringford75
1258,259,Dianna,Logan,dlogan76
1259,260,Nickolaus,Skipworth,nskipworth77
1260,261,Parker,Plane,pplane78
1261,262,Tootsie,Greatbank,tgreatbank79
1262,263,Sasha,Rosenfeld,srosenfeld7a
1263,264,Skipton,Ruff,sruff7b
1264,265,Wendall,Callington,wcallington7c
1265,266,Marti,Mityushin,mmityushin7d
1266,267,Obed,Buesden,obuesden7e
1267,268,Candis,Emslie,cemslie7f
1268,269,Klement,Hamber,khamber7g
1269,270,Avis,Tallent,atallent7h
1270,271,Rois,Di Angelo,rdiangelo7i
1271,272,Darelle,Matyatin,dmatyatin7j
1272,273,Cathrine,Corless,ccorless7k
1273,274,Alick,Skechley,askechley7l
1274,275,Kelley,Bockh,kbockh7m
1275,276,Regen,Rosebotham,rrosebotham7n
1276,277,Kessia,Grigoliis,kgrigoliis7o
1277,278,Mandy,Wishkar,mwishkar7p
1278,279,Elene,Espinos,eespinos7q
1279,280,Alyson,Legging,alegging7r
1280,281,Risa,Surcombe,rsurcombe7s
1281,282,Nariko,Lingner,nlingner7t
1282,283,Drake,Jarmyn,djarmyn7u
1283,284,Vina,Rottcher,vrottcher7v
1284,285,Rusty,Marchand,rmarchand7w
1285,286,Rick,Eastwood,reastwood7x
1286,287,Hal,Clarricoates,hclarricoates7y
1287,288,Kerry,Canfield,kcanfield7z
1288,289,Costa,Shipley,cshipley80
1289,290,Marcy,Bretton,mbretton81
1290,291,Colver,Favel,cfavel82
1291,292,Natassia,Renehan,nrenehan83
1292,293,Alleen,Bawcock,abawcock84
1293,294,Sloane,Guilbert,sguilbert85
1294,295,Domingo,Jaszczak,djaszczak86
1295,296,Orin,Clemmen,oclemmen87
1296,297,Carmon,Jellico,cjellico88
1297,298,Donall,O'Flaverty,doflaverty89
1298,299,Gerri,Thomlinson,gthomlinson8a
1299,300,Vicki,Berns,vberns8b
1300,301,Merrile,Klimuk,mklimuk8c
1301,302,Kelila,Duffyn,kduffyn8d
1302,303,Ly,Whittingham,lwhittingham8e
1303,304,Jemimah,Hildrew,jhildrew8f
1304,305,Hamlen,Nelthrop,hnelthrop8g
1305,306,Tate,Kellar,tkellar8h
1306,307,Cathryn,Ventura,cventura8i
1307,308,Gayler,Tatum,gtatum8j
1308,309,Louisette,Fillon,lfillon8k
1309,310,Gerrilee,Egle,gegle8l
1310,311,Randolf,Benettini,rbenettini8m
1311,312,Margy,Tregian,mtregian8n
1312,313,Pedro,Vogelein,pvogelein8o
1313,314,Mandie,McKelvey,mmckelvey8p
1314,315,Jannelle,Elsy,jelsy8q
1315,316,Deedee,Georgescu,dgeorgescu8r
1316,317,Alwin,Kelloway,akelloway8s
1317,318,Brand,Terrell,bterrell8t
1318,319,Ginni,Trenoweth,gtrenoweth8u
1319,320,Nicole,Sherlock,nsherlock8v
1320,321,Flossie,Devorill,fdevorill8w
1321,322,Jaime,Piner,jpiner8x
1322,323,Sherye,Farnin,sfarnin8y
1323,324,Angelina,Conibear,aconibear8z
1324,325,Netty,Berends,nberends90
1325,326,Astrix,Boone,aboone91
1326,327,Jeanna,McMeanma,jmcmeanma92
1327,328,Llewellyn,Braiden,lbraiden93
1328,329,Salomone,Normanvell,snormanvell94
1329,330,Teri,Ainley,tainley95
1330,331,Staford,Ruthven,sruthven96
1331,332,Grant,Attenbarrow,gattenbarrow97
1332,333,Sofia,Dundredge,sdundredge98
1333,334,Shea,Hurndall,shurndall99
1334,335,Ivan,Fernier,ifernier9a
1335,336,Jori,Gooch,jgooch9b
1336,337,Mandel,Semaine,msemaine9c
1337,338,Carol-jean,Tomasino,ctomasino9d
1338,339,Dasha,Gres,dgres9e
1339,340,Floria,Krahl,fkrahl9f
1340,341,Galen,Whitfeld,gwhitfeld9g
1341,342,Marrilee,McRobb,mmcrobb9h
1342,343,Hakim,Mathivet,hmathivet9i
1343,344,Chas,Caseley,ccaseley9j
1344,345,Ilysa,Woloschinski,iwoloschinski9k
1345,346,Austina,Shanley,ashanley9l
1346,347,Ofelia,Eaklee,oeaklee9m
1347,348,Amble,Whotton,awhotton9n
1348,349,Mario,Tallach,mtallach9o
1349,350,Bax,Tinmouth,btinmouth9p
1350,351,Margi,Gideon,mgideon9q
1351,352,Chiarra,Costanza,ccostanza9r
1352,353,Justino,Chamney,jchamney9s
1353,354,Kirsti,Pilger,kpilger9t
1354,355,Jasen,Preshous,jpreshous9u
1355,356,Dacy,Loffel,dloffel9v
1356,357,Jackie,Wrightham,jwrightham9w
1357,358,Piotr,Kreutzer,pkreutzer9x
1358,359,Halsy,Cleveland,hcleveland9y
1359,360,Stewart,Muirden,smuirden9z
1360,361,Carri,Loxley,cloxleya0
1361,362,Ev,Motion,emotiona1
1362,363,Alana,Hobbing,ahobbinga2
1363,364,Marie-ann,Lots,mlotsa3
1364,365,Vernor,Cansdall,vcansdalla4
1365,366,Lindsay,Healks,lhealksa5
1366,367,Yevette,Giovannazzi,ygiovannazzia6
1367,368,Avigdor,Vuitte,avuittea7
1368,369,Patric,Charette,pcharettea8
1369,370,Ivor,Rucklidge,irucklidgea9
1370,371,Janot,Starbeck,jstarbeckaa
1371,372,Priscella,Szymoni,pszymoniab
1372,373,Dolli,Laverock,dlaverockac
1373,374,Zulema,Aizikov,zaizikovad
1374,375,Townsend,Biesty,tbiestyae
1375,376,Wylie,Lovart,wlovartaf
1376,377,Nyssa,Alldis,nalldisag
1377,378,Hertha,Band,hbandah
1378,379,Maxie,Scroyton,mscroytonai
1379,380,Denise,Bilbrook,dbilbrookaj
1380,381,Elisabeth,Verson,eversonak
1381,382,Ailene,Aldwinckle,aaldwinckleal
1382,383,Electra,Mattingson,emattingsonam
1383,384,Ellsworth,Bocke,ebockean
1384,385,Shirley,Pynn,spynnao
1385,386,Brynna,Skeemor,bskeemorap
1386,387,Geneva,Faucherand,gfaucherandaq
1387,388,Chad,Commucci,ccommucciar
1388,389,Dinnie,Doulton,ddoultonas
1389,390,Oralee,Gallety,ogalletyat
1390,391,Lucine,Alway,lalwayau
1391,392,Viviyan,Grandisson,vgrandissonav
1392,393,Nydia,Playle,nplayleaw
1393,394,Caspar,Ruhben,cruhbenax
1394,395,Dougy,Porker,dporkeray
1395,396,Arnuad,Lyte,alyteaz
1396,397,Dennet,Flanner,dflannerb0
1397,398,Taylor,Dearsley,tdearsleyb1
1398,399,Geneva,Charles,gcharlesb2
1399,400,August,Candy,acandyb3
1400,401,Rhett,Burnsall,rburnsallb4
1401,402,Marika,Bayston,mbaystonb5
1402,403,Murielle,Gatheral,mgatheralb6
1403,404,Ulysses,Forstall,uforstallb7
1404,405,Hilary,Leadbitter,hleadbitterb8
1405,406,Fraser,Champion,fchampionb9
1406,407,Brock,Adolf,badolfba
1407,408,Sully,Swallwell,sswallwellbb
1408,409,Olympia,Fraine,ofrainebc
1409,410,Lonee,Priter,lpriterbd
1410,411,Anabelle,Milington,amilingtonbe
1411,412,Laural,Chastanet,lchastanetbf
1412,413,Ebony,Lansley,elansleybg
1413,414,Valerie,Daftor,vdaftorbh
1414,415,Sallee,Jackes,sjackesbi
1415,416,Mina,Haisell,mhaisellbj
1416,417,Brynn,Aristide,baristidebk
1417,418,Sterne,Anglish,sanglishbl
1418,419,Morse,Aicheson,maichesonbm
1419,420,Felicdad,Nickoles,fnickolesbn
1420,421,Wilmer,Abramov,wabramovbo
1421,422,Leontyne,Hinkins,lhinkinsbp
1422,423,Amory,Frankcomb,afrankcombbq
1423,424,Whitman,Riccardelli,wriccardellibr
1424,425,Monique,Pead,mpeadbs
1425,426,Nicholle,Cuttelar,ncuttelarbt
1426,427,Jeffie,Norsister,jnorsisterbu
1427,428,Piggy,Blaza,pblazabv
1428,429,Marne,Toffalo,mtoffalobw
1429,430,Melodie,Creane,mcreanebx
1430,431,Erin,Lorrimer,elorrimerby
1431,432,Aurelea,Kleine,akleinebz
1432,433,Merridie,Valois,mvaloisc0
1433,434,Adelaide,Mahaddy,amahaddyc1
1434,435,Lilias,Robardet,lrobardetc2
1435,436,Benton,Crayden,bcraydenc3
1436,437,Koenraad,Akid,kakidc4
1437,438,Hewitt,Birdwhistell,hbirdwhistellc5
1438,439,Oliver,Kilgallon,okilgallonc6
1439,440,Mab,Louys,mlouysc7
1440,441,Chancey,Condie,ccondiec8
1441,442,Rebbecca,Haugg,rhauggc9
1442,443,Eudora,MacRitchie,emacritchieca
1443,444,Lemmie,Gherardelli,lgherardellicb
1444,445,Natalee,Moppett,nmoppettcc
1445,446,Fayre,Antonacci,fantonaccicd
1446,447,Amos,O'Noland,aonolandce
1447,448,Lila,Okenden,lokendencf
1448,449,Micheil,Leisman,mleismancg
1449,450,Larina,Bernhard,lbernhardch
1450,451,Lacey,Pentin,lpentinci
1451,452,Edee,Ribey,eribeycj
1452,453,Valentino,Banbridge,vbanbridgeck
1453,454,Sheelagh,Cornbill,scornbillcl
1454,455,Rossy,Monckton,rmoncktoncm
1455,456,Cody,Wrates,cwratescn
1456,457,Dorice,Legrand,dlegrandco
1457,458,Ynez,Tetla,ytetlacp
1458,459,Goddart,Baiyle,gbaiylecq
1459,460,Sascha,Ingles,singlescr
1460,461,Brook,Hymer,bhymercs
1461,462,Yvette,Lukianov,ylukianovct
1462,463,Lynda,Vasyunin,lvasyunincu
1463,464,Elyse,Pouck,epouckcv
1464,465,Kassia,Colles,kcollescw
1465,466,Katrinka,Vakhrushev,kvakhrushevcx
1466,467,Benedick,Whalley,bwhalleycy
1467,468,Court,Leemans,cleemanscz
1468,469,Marni,Ballay,mballayd0
1469,470,Beth,Denholm,bdenholmd1
1470,471,Penny,Stapels,pstapelsd2
1471,472,Garner,Capron,gcaprond3
1472,473,Shem,Leroux,slerouxd4
1473,474,Astrix,McPolin,amcpolind5
1474,475,Rickert,Casterot,rcasterotd6
1475,476,Milli,Harlett,mharlettd7
1476,477,Kayne,Seggie,kseggied8
1477,478,Gregorius,Stirzaker,gstirzakerd9
1478,479,Lee,Niche,lnicheda
1479,480,Mikol,O'Reilly,moreillydb
1480,481,Husein,Lumsdall,hlumsdalldc
1481,482,Corilla,Piwell,cpiwelldd
1482,483,Vasily,McGaw,vmcgawde
1483,484,Der,Fairtlough,dfairtloughdf
1484,485,Berton,Matveyev,bmatveyevdg
1485,486,Nona,Creasy,ncreasydh
1486,487,Sonia,Woolger,swoolgerdi
1487,488,Rurik,Riggulsford,rriggulsforddj
1488,489,Renate,Spendley,rspendleydk
1489,490,Candy,Hulles,chullesdl
1490,491,Porter,Dwelly,pdwellydm
1491,492,Cesya,Weagener,cweagenerdn
1492,493,Marigold,Hansemann,mhansemanndo
1493,494,Gillie,Burnside,gburnsidedp
1494,495,Si,Weson,swesondq
1495,496,Sampson,Damrel,sdamreldr
1496,497,Marcelo,Vonasek,mvonasekds
1497,498,Dario,Goard,dgoarddt
1498,499,Derrick,Cissell,dcisselldu
1499,500,Paloma,Jull,pjulldv
1500,501,Gerladina,Heugh,gheughdw
1501,502,Orel,Queyos,oqueyosdx
1502,503,Inna,Kobpal,ikobpaldy
1503,504,Marcela,Paireman,mpairemandz
1504,505,Charissa,Brownlow,cbrownlowe0
1505,506,Yorgo,Taberer,ytaberere1
1506,507,Daffi,Littley,dlittleye2
1507,508,Kaylyn,Jeeves,kjeevese3
1508,509,Wat,Bayston,wbaystone4
1509,510,Rhea,Phizaclea,rphizacleae5
1510,511,Bess,Cleverly,bcleverlye6
1511,512,Gretal,Wileman,gwilemane7
1512,513,Pollyanna,Whalley,pwhalleye8
1513,514,Wolfgang,Eustes,weustese9
1514,515,Chloris,Bainton,cbaintonea
1515,516,Bradney,Jobey,bjobeyeb
1516,517,Nedi,Hambric,nhambricec
1517,518,Davon,Geindre,dgeindreed
1518,519,Robbyn,Goulston,rgoulstonee
1519,520,Sandra,Shurey,sshureyef
1520,521,Dewain,Jacklin,djacklineg
1521,522,Merola,Anstie,manstieeh
1522,523,Lindsay,Ranson,lransonei
1523,524,Amata,Dredge,adredgeej
1524,525,Debera,Brunn,dbrunnek
1525,526,Annecorinne,Devenport,adevenportel
1526,527,Markos,Jarrel,mjarrelem
1527,528,Jarred,Erskine Sandys,jerskinesandysen
1528,529,Murdoch,Thurlborn,mthurlborneo
1529,530,Scotty,Baynom,sbaynomep
1530,531,Aime,Archanbault,aarchanbaulteq
1531,532,Cristobal,Ragate,cragateer
1532,533,Josi,Marusik,jmarusikes
1533,534,Edouard,Busse,ebusseet
1534,535,Belvia,Ohlsen,bohlseneu
1535,536,Terrye,Lofty,tloftyev
1536,537,Trix,Suttie,tsuttieew
1537,538,Hayward,Davydzenko,hdavydzenkoex
1538,539,Darrin,Kinnon,dkinnoney
1539,540,Amil,McQuirter,amcquirterez
1540,541,Lovell,Szimoni,lszimonif0
1541,542,Olenka,Zammitt,ozammittf1
1542,543,Morlee,Cecil,mcecilf2
1543,544,Ailee,McGooch,amcgoochf3
1544,545,Petrina,Ropking,propkingf4
1545,546,Salvador,Linch,slinchf5
1546,547,Cody,Henfre,chenfref6
1547,548,Lucia,Melbourne,lmelbournef7
1548,549,Amalia,Burnhard,aburnhardf8
1549,550,Vina,Francisco,vfranciscof9
1550,551,Casie,Gaze,cgazefa
1551,552,Janeczka,Phizakarley,jphizakarleyfb
1552,553,Sylas,Gallamore,sgallamorefc
1553,554,Audra,McCarthy,amccarthyfd
1554,555,Larissa,Praundl,lpraundlfe
1555,556,Maegan,Pikesley,mpikesleyff
1556,557,Keane,Carman,kcarmanfg
1557,558,Jasper,Lewer,jlewerfh
1558,559,Pyotr,Strank,pstrankfi
1559,560,Verina,Farndon,vfarndonfj
1560,561,Fanchette,Semark,fsemarkfk
1561,562,Myron,Infante,minfantefl
1562,563,Marji,Bonwell,mbonwellfm
1563,564,Faunie,Klimentyonok,fklimentyonokfn
1564,565,Marlee,MacIan,mmacianfo
1565,566,Zola,Toma,ztomafp
1566,567,Cross,Leonardi,cleonardifq
1567,568,Maryjane,Ricciardi,mricciardifr
1568,569,Kellen,Lau,klaufs
1569,570,Trey,Imason,timasonft
1570,571,Marchelle,Jocelyn,mjocelynfu
1571,572,Shane,Garron,sgarronfv
1572,573,Cirstoforo,Wannell,cwannellfw
1573,574,Shermie,Craydon,scraydonfx
1574,575,Kore,Mouton,kmoutonfy
1575,576,Calvin,Fowlds,cfowldsfz
1576,577,Harley,Hoyle,hhoyleg0
1577,578,Trefor,Foote,tfooteg1
1578,579,Franz,Fishbourne,ffishbourneg2
1579,580,Berkley,Hindsberg,bhindsbergg3
1580,581,Wyn,Gorhardt,wgorhardtg4
1581,582,Darryl,Chatwin,dchatwing5
1582,583,Boyd,Southcomb,bsouthcombg6
1583,584,Nata,Critten,ncritteng7
1584,585,Vlad,Althorp,valthorpg8
1585,586,Danit,Oats,doatsg9
1586,587,Cesar,Brusin,cbrusinga
1587,588,Mirilla,Larvent,mlarventgb
1588,589,Carmina,Tremelling,ctremellinggc
1589,590,Bernarr,Saice,bsaicegd
1590,591,Debby,Gusticke,dgustickege
1591,592,Barnie,Dimic,bdimicgf
1592,593,Elissa,McCurdy,emccurdygg
1593,594,Adan,Sambrook,asambrookgh
1594,595,Burty,Baudesson,bbaudessongi
1595,596,Ervin,Patron,epatrongj
1596,597,Ambrose,Pessolt,apessoltgk
1597,598,Arda,Caherny,acahernygl
1598,599,Claribel,Wooller,cwoollergm
1599,600,Brittni,Beachem,bbeachemgn
1600,601,Ingelbert,Waith,iwaithgo
1601,602,Corry,Archibold,carchiboldgp
1602,603,Dulcine,Andraud,dandraudgq
1603,604,Verge,Heephy,vheephygr
1604,605,Stacy,Scud,sscudgs
1605,606,Rey,Vearncombe,rvearncombegt
1606,607,Maris,McCleary,mmcclearygu
1607,608,Randolph,Stappard,rstappardgv
1608,609,Naoma,Jakab,njakabgw
1609,610,Ginny,Andreazzi,gandreazzigx
1610,611,Mildrid,Gunson,mgunsongy
1611,612,Leola,Selwyne,lselwynegz
1612,613,Matthias,Marchant,mmarchanth0
1613,614,Erinna,Pollastro,epollastroh1
1614,615,Jorie,Niezen,jniezenh2
1615,616,Bren,Borland,bborlandh3
1616,617,Jud,Fishburn,jfishburnh4
1617,618,Meta,Rabbet,mrabbeth5
1618,619,Jarred,Labroue,jlabroueh6
1619,620,Dareen,Alcorn,dalcornh7
1620,621,Lula,Goodreid,lgoodreidh8
1621,622,Blair,Adcock,badcockh9
1622,623,Michael,Fessler,mfesslerha
1623,624,Erin,Spillane,espillanehb
1624,625,Datha,Rivilis,drivilishc
1625,626,Carmita,Hatherleigh,chatherleighhd
1626,627,Clemens,Haysey,chayseyhe
1627,628,Victoria,Tumulty,vtumultyhf
1628,629,Alayne,Nangle,ananglehg
1629,630,Randie,Elvey,relveyhh
1630,631,Callie,Hallward,challwardhi
1631,632,Lutero,Threadgall,lthreadgallhj
1632,633,Weylin,Foote,wfootehk
1633,634,Kelly,McLucky,kmcluckyhl
1634,635,Chris,Leversha,clevershahm
1635,636,Kip,Blanchette,kblanchettehn
1636,637,Wynnie,Swetmore,wswetmoreho
1637,638,Sheila-kathryn,O'Doohaine,sodoohainehp
1638,639,Washington,Campbell-Dunlop,wcampbelldunlophq
1639,640,Renault,Benes,rbeneshr
1640,641,Allegra,Whimpenny,awhimpennyhs
1641,642,Randolf,Braznell,rbraznellht
1642,643,Lucius,Queripel,lqueripelhu
1643,644,Jacobo,Barthelme,jbarthelmehv
1644,645,Chaim,Crilly,ccrillyhw
1645,646,Bax,McCritichie,bmccritichiehx
1646,647,Launce,Freake,lfreakehy
1647,648,Dacia,Blanshard,dblanshardhz
1648,649,Gertie,Emm,gemmi0
1649,650,Rockey,Vegas,rvegasi1
1650,651,Jorry,Powdrill,jpowdrilli2
1651,652,Elonore,Dyter,edyteri3
1652,653,Cary,O'Hingerty,cohingertyi4
1653,654,Wynnie,Deinhardt,wdeinhardti5
1654,655,Ode,Wingar,owingari6
1655,656,Farr,Arnolds,farnoldsi7
1656,657,Therese,Hartland,thartlandi8
1657,658,Karena,Sockell,ksockelli9
1658,659,Darla,Pirelli,dpirelliia
1659,660,Alford,Ilyinski,ailyinskiib
1660,661,Jim,Capaldo,jcapaldoic
1661,662,Arnoldo,Benjafield,abenjafieldid
1662,663,Alanson,Gallagher,agallagherie
1663,664,Wilow,Knowlys,wknowlysif
1664,665,Timmy,Lightbourne,tlightbourneig
1665,666,Matthieu,Nattrass,mnattrassih
1666,667,Rene,Halladay,rhalladayii
1667,668,Selig,Laxston,slaxstonij
1668,669,Lilah,Bendare,lbendareik
1669,670,Ailsun,Newdick,anewdickil
1670,671,Emmi,Gager,egagerim
1671,672,Harmonia,McKinlay,hmckinlayin
1672,673,Pavel,Basketter,pbasketterio
1673,674,Scotty,Jowling,sjowlingip
1674,675,Myron,McWhan,mmcwhaniq
1675,676,Ives,Everett,ieverettir
1676,677,Beatrisa,Duxbury,bduxburyis
1677,678,Nanette,Klaves,nklavesit
1678,679,Lon,Skyme,lskymeiu
1679,680,Kriste,Cleyburn,kcleyburniv
1680,681,Pansie,MacCoughan,pmaccoughaniw
1681,682,Mechelle,Bolstridge,mbolstridgeix
1682,683,Tommy,Schankel,tschankeliy
1683,684,Lacy,De Mico,ldemicoiz
1684,685,Ole,Sherr,osherrj0
1685,686,Crissy,Sinclar,csinclarj1
1686,687,Ronni,Witard,rwitardj2
1687,688,Bailie,Juorio,bjuorioj3
1688,689,Quinn,Derrett,qderrettj4
1689,690,Aloysia,Philp,aphilpj5
1690,691,Jacquette,Treffrey,jtreffreyj6
1691,692,Padgett,Stearn,pstearnj7
1692,693,Margy,Caton,mcatonj8
1693,694,Martino,Duchasteau,mduchasteauj9
1694,695,Belinda,Gulliman,bgullimanja
1695,696,Godart,McBoyle,gmcboylejb
1696,697,Gracie,Croley,gcroleyjc
1697,698,Karolina,Flament,kflamentjd
1698,699,Morrie,Stiling,mstilingje
1699,700,Bari,Camosso,bcamossojf
1700,701,Tobi,Khotler,tkhotlerjg
1701,702,Jim,McGraffin,jmcgraffinjh
1702,703,Caresa,Steen,csteenji
1703,704,Jori,Coling,jcolingjj
1704,705,Traver,Broader,tbroaderjk
1705,706,Jeni,Puckinghorne,jpuckinghornejl
1706,707,Daphna,Gulberg,dgulbergjm
1707,708,Terrye,Cowx,tcowxjn
1708,709,Valera,Boreham,vborehamjo
1709,710,Trip,Lundbeck,tlundbeckjp
1710,711,Tabbie,Worms,twormsjq
1711,712,Jerald,Gumbrell,jgumbrelljr
1712,713,Merci,Faulkes,mfaulkesjs
1713,714,Linda,Fuzzens,lfuzzensjt
1714,715,Benyamin,Millery,bmilleryju
1715,716,Elsa,Berrygun,eberrygunjv
1716,717,Emma,Longstaffe,elongstaffejw
1717,718,Constantino,Lauchlan,clauchlanjx
1718,719,Tybie,Pointon,tpointonjy
1719,720,Marina,Pestell,mpestelljz
1720,721,Annalee,Petricek,apetricekk0
1721,722,Gianina,Stuchbury,gstuchburyk1
1722,723,Riane,Baildon,rbaildonk2
1723,724,Bennie,Astle,bastlek3
1724,725,Derrick,Goggin,dgoggink4
1725,726,Mireielle,Sweetnam,msweetnamk5
1726,727,Kayne,Edgerly,kedgerlyk6
1727,728,El,Palluschek,epalluschekk7
1728,729,Kalila,Worledge,kworledgek8
1729,730,Erhard,McCahill,emccahillk9
1730,731,Christye,Edmand,cedmandka
1731,732,Patrica,Whellams,pwhellamskb
1732,733,Luther,Akeherst,lakeherstkc
1733,734,Heywood,Lockhart,hlockhartkd
1734,735,El,Hartrick,ehartrickke
1735,736,Noam,Batchley,nbatchleykf
1736,737,Garland,Vondrach,gvondrachkg
1737,738,Tomasina,Mandrey,tmandreykh
1738,739,Tynan,Felmingham,tfelminghamki
1739,740,Correna,Kuzma,ckuzmakj
1740,741,Lucias,Timbrell,ltimbrellkk
1741,742,Maxie,Jewel,mjewelkl
1742,743,Bram,Brimble,bbrimblekm
1743,744,Bentlee,McNabb,bmcnabbkn
1744,745,Ham,Kinnier,hkinnierko
1745,746,Bran,Winstone,bwinstonekp
1746,747,Drucie,Vannozzii,dvannozziikq
1747,748,Maxine,Frape,mfrapekr
1748,749,Clio,Fiennes,cfiennesks
1749,750,Nate,Fitt,nfittkt
1750,751,Lynnet,Morigan,lmoriganku
1751,752,Ozzie,Rosenqvist,orosenqvistkv
1752,753,Hubert,Lyman,hlymankw
1753,754,Raychel,Switland,rswitlandkx
1754,755,Fidel,Cutmare,fcutmareky
1755,756,Elston,Axel,eaxelkz
1756,757,Tiena,Thomsen,tthomsenl0
1757,758,Veriee,Dudeney,vdudeneyl1
1758,759,Cyndia,Sentinella,csentinellal2
1759,760,Lucienne,Roma,lromal3
1760,761,Marthe,Fettiplace,mfettiplacel4
1761,762,Mahmud,Niemiec,mniemiecl5
1762,763,Sibeal,Groom,sgrooml6
1763,764,Maury,Filpo,mfilpol7
1764,765,Laural,Ashfull,lashfulll8
1765,766,Rossie,McConnel,rmcconnell9
1766,767,Suzy,Sahlstrom,ssahlstromla
1767,768,Charyl,Behling,cbehlinglb
1768,769,Barb,Gyngell,bgyngelllc
1769,770,Danella,Symondson,dsymondsonld
1770,771,Bengt,Hubbis,bhubbisle
1771,772,Cody,Benesevich,cbenesevichlf
1772,773,Sallee,Farrand,sfarrandlg
1773,774,Eugenio,Freeborn,efreebornlh
1774,775,Darby,Moresby,dmoresbyli
1775,776,Melony,Yellep,myelleplj
1776,777,Branden,Maccree,bmaccreelk
1777,778,Jaclyn,Heathfield,jheathfieldll
1778,779,Jacquenetta,Dottridge,jdottridgelm
1779,780,Carolin,Edkins,cedkinsln
1780,781,Alysa,Bernardino,abernardinolo
1781,782,Nina,Gladhill,ngladhilllp
1782,783,Karry,Ninnoli,kninnolilq
1783,784,Hatty,Semechik,hsemechiklr
1784,785,Prent,Pinnigar,ppinnigarls
1785,786,Bunny,Babbe,bbabbelt
1786,787,Ginevra,Enderson,gendersonlu
1787,788,Huntlee,Aulsford,haulsfordlv
1788,789,Wally,Ragot,wragotlw
1789,790,Clayborne,Cornely,ccornelylx
1790,791,Grace,Dimitresco,gdimitrescoly
1791,792,Karel,O'Lahy,kolahylz
1792,793,Torin,Rivel,trivelm0
1793,794,Stoddard,Whiffen,swhiffenm1
1794,795,Danit,Donan,ddonanm2
1795,796,Dunc,Van Merwe,dvanmerwem3
1796,797,Sig,Adcocks,sadcocksm4
1797,798,Thedrick,Lean,tleanm5
1798,799,Dolph,Chatwood,dchatwoodm6
1799,800,Kennan,Lishman,klishmanm7
1800,801,Frannie,Dewis,fdewism8
1801,802,Olin,Colebeck,ocolebeckm9
1802,803,Lurline,Cheale,lchealema
1803,804,Arch,Beloe,abeloemb
1804,805,Corrinne,Hedaux,chedauxmc
1805,806,Allys,Pietasch,apietaschmd
1806,807,Kittie,Croutear,kcroutearme
1807,808,Elihu,Chaplyn,echaplynmf
1808,809,Anni,Danilov,adanilovmg
1809,810,Angela,Jales,ajalesmh
1810,811,Elroy,Fogel,efogelmi
1811,812,Tamarah,Tweed,ttweedmj
1812,813,Jeremiah,Bettridge,jbettridgemk
1813,814,Ursula,Drillingcourt,udrillingcourtml
1814,815,Leesa,Reuble,lreublemm
1815,816,Milli,Bradlaugh,mbradlaughmn
1816,817,Shelden,Sampson,ssampsonmo
1817,818,Cacilie,Walding,cwaldingmp
1818,819,Cindra,Woolaston,cwoolastonmq
1819,820,Diena,Souttar,dsouttarmr
1820,821,Ailina,Bennetts,abennettsms
1821,822,Perrine,Liggens,pliggensmt
1822,823,Willey,Simchenko,wsimchenkomu
1823,824,Margarethe,Hick,mhickmv
1824,825,Nicolina,Waldren,nwaldrenmw
1825,826,Marni,Phinnessy,mphinnessymx
1826,827,Tatiania,Jardein,tjardeinmy
1827,828,Birgit,Earingey,bearingeymz
1828,829,Marysa,Vatcher,mvatchern0
1829,830,Gay,Ghidelli,gghidellin1
1830,831,Collette,Sutherns,csuthernsn2
1831,832,Lynett,Dawson,ldawsonn3
1832,833,John,Stiff,jstiffn4
1833,834,Quintana,Bothbie,qbothbien5
1834,835,Kevyn,Macguire,kmacguiren6
1835,836,Angil,Uren,aurenn7
1836,837,Freddy,Fuxman,ffuxmann8
1837,838,Sascha,Mantha,smanthan9
1838,839,Del,Marieton,dmarietonna
1839,840,Eustace,Cissen,ecissennb
1840,841,Arlin,Rosnau,arosnaunc
1841,842,Georgina,Adenet,gadenetnd
1842,843,Fredericka,Causon,fcausonne
1843,844,Ailene,Ferreo,aferreonf
1844,845,Nicol,Blockwell,nblockwellng
1845,846,Dermot,Byatt,dbyattnh
1846,847,Nannie,Screase,nscreaseni
1847,848,Vachel,Hedworth,vhedworthnj
1848,849,Weylin,Challenor,wchallenornk
1849,850,Kirstyn,Woolvett,kwoolvettnl
1850,851,Goddart,Dey,gdeynm
1851,852,Jackquelin,Troubridge,jtroubridgenn
1852,853,Lissi,Padden,lpaddenno
1853,854,Neale,Staveley,nstaveleynp
1854,855,Evyn,Mattschas,emattschasnq
1855,856,Lorry,Tamas,ltamasnr
1856,857,Patin,Mico,pmicons
1857,858,Genevieve,Shipston,gshipstonnt
1858,859,Amalita,Tuckie,atuckienu
1859,860,Saundra,Sands-Allan,ssandsallannv
1860,861,Holly,Maudling,hmaudlingnw
1861,862,Rodi,Handrok,rhandroknx
1862,863,Mable,Cheson,mchesonny
1863,864,Joya,Cawdell,jcawdellnz
1864,865,Celeste,Dregan,cdregano0
1865,866,Aylmar,Risby,arisbyo1
1866,867,Billy,Dehmel,bdehmelo2
1867,868,Tann,Dunnaway,tdunnawayo3
1868,869,Lulita,Scampion,lscampiono4
1869,870,Dominga,Cricket,dcricketo5
1870,871,Renault,Wyllie,rwyllieo6
1871,872,Carlye,Cranson,ccransono7
1872,873,Robin,Alwen,ralweno8
1873,874,Dolorita,Whild,dwhildo9
1874,875,Alaster,Andrat,aandratoa
1875,876,Lula,Dollimore,ldollimoreob
1876,877,Jennilee,Leethem,jleethemoc
1877,878,Brietta,Gandrich,bgandrichod
1878,879,Leola,McCrisken,lmccriskenoe
1879,880,Sheena,Percy,spercyof
1880,881,Dalton,Anelay,danelayog
1881,882,Terra,Heugel,theugeloh
1882,883,Saundra,Eleshenar,seleshenaroi
1883,884,Wade,Mundell,wmundelloj
1884,885,Cristin,Plumer,cplumerok
1885,886,Nancie,Loade,nloadeol
1886,887,Anthony,Louth,alouthom
1887,888,Jakob,Brownett,jbrownetton
1888,889,Hyacinthia,Gosney,hgosneyoo
1889,890,Julietta,Sabbin,jsabbinop
1890,891,Shelia,Easterby,seasterbyoq
1891,892,Whitman,Sams,wsamsor
1892,893,Caren,Ivancevic,civancevicos
1893,894,Nollie,Pentlow,npentlowot
1894,895,Raul,Peart,rpeartou
1895,896,Nathanil,Gage,ngageov
1896,897,Siegfried,Standley,sstandleyow
1897,898,Allard,Domonkos,adomonkosox
1898,899,Maddalena,McKennan,mmckennanoy
1899,900,Dedra,Desborough,ddesboroughoz
1900,901,Briana,Gherarducci,bgherarduccip0
1901,902,Bradford,Le Estut,bleestutp1
1902,903,Bobby,Baiden,bbaidenp2
1903,904,Kasey,Sorrill,ksorrillp3
1904,905,Ruthe,McOmish,rmcomishp4
1905,906,Alexio,Dunklee,adunkleep5
1906,907,Leonore,Dunridge,ldunridgep6
1907,908,Lazare,Franek,lfranekp7
1908,909,Wilmette,Furby,wfurbyp8
1909,910,Violetta,Cracker,vcrackerp9
1910,911,Ealasaid,De Vries,edevriespa
1911,912,Esta,Heimann,eheimannpb
1912,913,Milli,Dykins,mdykinspc
1913,914,Lavinia,Kleinbaum,lkleinbaumpd
1914,915,Zuzana,Strother,zstrotherpe
1915,916,Clarissa,Kennea,ckenneapf
1916,917,Kayne,Collcott,kcollcottpg
1917,918,Jaquith,Ghiotto,jghiottoph
1918,919,Granville,Liverseege,gliverseegepi
1919,920,Chance,Van der Beek,cvanderbeekpj
1920,921,Karel,Clemes,kclemespk
1921,922,Adrian,Tribe,atribepl
1922,923,Shea,McLoughlin,smcloughlinpm
1923,924,Shauna,Battlestone,sbattlestonepn
1924,925,Sherri,Waldera,swalderapo
1925,926,Cleon,Mosten,cmostenpp
1926,927,Hortensia,Astupenas,hastupenaspq
1927,928,Samuel,Schuh,sschuhpr
1928,929,Eleanora,Cadore,ecadoreps
1929,930,Ashlin,Ernshaw,aernshawpt
1930,931,Cinda,Tyson,ctysonpu
1931,932,Steffen,Dysert,sdysertpv
1932,933,Tallou,Skerratt,tskerrattpw
1933,934,Maryjane,Osgarby,mosgarbypx
1934,935,Ketti,Jackling,kjacklingpy
1935,936,Brock,Woolf,bwoolfpz
1936,937,Jed,Morican,jmoricanq0
1937,938,Edgar,Piscopello,episcopelloq1
1938,939,Danny,Gobat,dgobatq2
1939,940,Claudine,McCoish,cmccoishq3
1940,941,Rabbi,Flancinbaum,rflancinbaumq4
1941,942,Emanuel,Buick,ebuickq5
1942,943,April,Jago,ajagoq6
1943,944,Shay,Gateman,sgatemanq7
1944,945,Farrel,Oake,foakeq8
1945,946,Ruttger,Glasper,rglasperq9
1946,947,Nikolaos,Tellenbrook,ntellenbrookqa
1947,948,Tasha,Kintish,tkintishqb
1948,949,Latrina,Sinson,lsinsonqc
1949,950,Kelly,Ranyelld,kranyelldqd
1950,951,Jaime,Curner,jcurnerqe
1951,952,Antonie,Morrid,amorridqf
1952,953,Averill,Letts,alettsqg
1953,954,Marlo,Nuemann,mnuemannqh
1954,955,Orton,Passman,opassmanqi
1955,956,Ashia,Utting,auttingqj
1956,957,Randee,Heijne,rheijneqk
1957,958,Anson,Dominichetti,adominichettiql
1958,959,Gustave,Overy,goveryqm
1959,960,Hilda,Blint,hblintqn
1960,961,Ase,Atchly,aatchlyqo
1961,962,Kristyn,Dood,kdoodqp
1962,963,Bendite,Garaghan,bgaraghanqq
1963,964,Anselm,Findlater,afindlaterqr
1964,965,Adiana,Sneath,asneathqs
1965,966,Marji,Clymer,mclymerqt
1966,967,Sayre,Boyton,sboytonqu
1967,968,Crystal,Kellaway,ckellawayqv
1968,969,Laurens,Shelper,lshelperqw
1969,970,Lissa,Vincent,lvincentqx
1970,971,Allie,Bonevant,abonevantqy
1971,972,Uriel,McKeaney,umckeaneyqz
1972,973,Myrlene,Leversuch,mleversuchr0
1973,974,Otho,Woollin,owoollinr1
1974,975,Marylee,Snowman,msnowmanr2
1975,976,Bambi,Joust,bjoustr3
1976,977,Tobye,Persent,tpersentr4
1977,978,Radcliffe,Cowdrey,rcowdreyr5
1978,979,Antoine,Blay,ablayr6
1979,980,Ambrosi,Fay,afayr7
1980,981,Hamish,Favey,hfaveyr8
1981,982,Mead,Scotchmer,mscotchmerr9
1982,983,Joela,Lockett,jlockettra
1983,984,Jennine,Alastair,jalastairrb
1984,985,Harv,Woolens,hwoolensrc
1985,986,Yule,Farragher,yfarragherrd
1986,987,Pauletta,Widdop,pwiddopre
1987,988,Giulio,Bernardez,gbernardezrf
1988,989,Tandi,Reoch,treochrg
1989,990,Faina,Bilby,fbilbyrh
1990,991,Rebe,Bolin,rbolinri
1991,992,Mirella,Guyot,mguyotrj
1992,993,Marni,Gobourn,mgobournrk
1993,994,James,Berringer,jberringerrl
1994,995,Mamie,Roughan,mroughanrm
1995,996,Ileane,Semkins,isemkinsrn
1996,997,Marabel,Cowup,mcowupro
1997,998,Kaitlynn,Zanazzi,kzanazzirp
1998,999,Ogdon,McNalley,omcnalleyrq
1999,1000,Noni,Tickner,nticknerrr
