id,first_name,last_name,netid
1,Liliane,Richter,lrichter0
2,Guinevere,Dargie,gdargie1
3,Rowan,Cowper,rcowper2
4,Wini,Barabisch,wbarabisch3
5,Emelen,Rayment,erayment4
6,Florentia,Stolli,fstolli5
7,Edgardo,Colles,ecolles6
8,Corrina,Stanett,cstanett7
9,Valenka,Beirne,vbeirne8
10,Catharina,Ogdahl,cogdahl9
11,Layney,Elstone,lelstonea
12,Lonnie,Bangham,lbanghamb
13,Mollee,Sazio,msazioc
14,Sander,Jope,sjoped
15,Con,Basile,cbasilee
16,Chickie,Hayfield,chayfieldf
17,Consalve,Paike,cpaikeg
18,Rochelle,Vedeshkin,rvedeshkinh
19,Lisbeth,Paulon,lpauloni
20,Lucienne,Weaver,lweaverj
21,Annie,Clague,aclaguek
22,Hardy,Milbourn,hmilbournl
23,Pincus,Sabbatier,psabbatierm
24,Reagen,Fuentez,rfuentezn
25,Andria,Girardy,agirardyo
26,Shurlocke,Tipler,stiplerp
27,Cchaddie,MacNeely,cmacneelyq
28,Wilbur,Seabrocke,wseabrocker
29,Robinson,Schonfeld,rschonfelds
30,Carlie,Handforth,chandfortht
31,Farrell,Dutteridge,fdutteridgeu
32,Eldredge,Blackborow,eblackborowv
33,Corrie,Costall,ccostallw
34,Bria,Zannini,bzanninix
35,Tony,Sheircliffe,tsheircliffey
36,Guthry,Ivell,givellz
37,Amalita,Doumerque,adoumerque10
38,Robby,Ramey,rramey11
39,Odelle,Strathern,ostrathern12
40,Augie,Glaserman,aglaserman13
41,Benni,Benian,bbenian14
42,Ronnie,Tizard,rtizard15
43,Hube,Rennard,hrennard16
44,Dietrich,Beveridge,dbeveridge17
45,Mella,Sicily,msicily18
46,Leshia,Laugier,llaugier19
47,Delano,Gorrie,dgorrie1a
48,Winifield,Ellerbeck,wellerbeck1b
49,Yolande,Jobey,yjobey1c
50,Tracie,Rudolfer,trudolfer1d
51,Reilly,Siddeley,rsiddeley1e
52,Cornelius,Keighly,ckeighly1f
53,Sheryl,Ferreli,sferreli1g
54,Boyce,Attrey,battrey1h
55,Ely,Lefwich,elefwich1i
56,Philly,Ghidoli,pghidoli1j
57,Lynelle,Pinchback,lpinchback1k
58,Germaine,Meatcher,gmeatcher1l
59,Melitta,Mulvin,mmulvin1m
60,Emlynne,Cade,ecade1n
61,Leora,Castletine,lcastletine1o
62,Walker,Alebrooke,walebrooke1p
63,Twila,Leuren,tleuren1q
64,Keelia,Berndtsson,kberndtsson1r
65,Erny,Obell,eobell1s
66,Siana,Knowler,sknowler1t
67,Corty,Mennear,cmennear1u
68,Ilise,Franciottoi,ifranciottoi1v
69,Jenn,Kleinstein,jkleinstein1w
70,Neila,Lowre,nlowre1x
71,Demetris,Ackermann,dackermann1y
72,Emmet,Cleminshaw,ecleminshaw1z
73,Emmalynne,Tireman,etireman20
74,Ramona,Aps,raps21
75,Pinchas,Nussii,pnussii22
76,Izzy,Seear,iseear23
77,Pammy,Record,precord24
78,Dniren,Lush,dlush25
79,Krystyna,Scoggan,kscoggan26
80,Elyse,Nunn,enunn27
81,Ettie,Ortells,eortells28
82,Corrinne,Guilloton,cguilloton29
83,Cherry,Prydden,cprydden2a
84,Conrad,Noquet,cnoquet2b
85,Isac,Renison,irenison2c
86,Lanae,Rosenstock,lrosenstock2d
87,Reider,Nials,rnials2e
88,Roddy,Annion,rannion2f
89,Elmo,Eitter,eeitter2g
90,Ruth,Schleswig-Holstein,rschleswigholstein2h
91,Woody,Edling,wedling2i
92,Wilona,Delea,wdelea2j
93,Herby,Garrattley,hgarrattley2k
94,Frannie,Skeffington,fskeffington2l
95,Dot,Standidge,dstandidge2m
96,Perle,Riseam,priseam2n
97,Kile,Annesley,kannesley2o
98,Serena,Heggison,sheggison2p
99,Marley,Hanbridge,mhanbridge2q
100,Myrlene,Innman,minnman2r
101,Eddi,Paskerful,epaskerful2s
102,Hagen,McBrearty,hmcbrearty2t
103,Juanita,Cossins,jcossins2u
104,Carmelia,Frantzen,cfrantzen2v
105,Hall,Dare,hdare2w
106,Xymenes,Steen,xsteen2x
107,Arni,Whitelaw,awhitelaw2y
108,Rene,Fordyce,rfordyce2z
109,Fifi,Enticknap,fenticknap30
110,Trista,Goodliffe,tgoodliffe31
111,Christel,Huguenet,chuguenet32
112,Mohammed,Flintiff,mflintiff33
113,Isabella,Peacham,ipeacham34
114,Jen,McSwan,jmcswan35
115,Nilson,Ricco,nricco36
116,Ira,Dufer,idufer37
117,Abbey,Loughlin,aloughlin38
118,Cassie,Hollibone,chollibone39
119,Meredithe,ducarme,mducarme3a
120,Alanson,Hackinge,ahackinge3b
121,Emalee,Ranken,eranken3c
122,Eadmund,Burley,eburley3d
123,Bette-ann,Schwandermann,bschwandermann3e
124,Esta,Neeson,eneeson3f
125,Lizabeth,Rihanek,lrihanek3g
126,Ludvig,Drury,ldrury3h
127,Mady,Pulfer,mpulfer3i
128,Aldin,Itzchaki,aitzchaki3j
129,Horst,Willoughley,hwilloughley3k
130,Phylis,Allport,pallport3l
131,Prentiss,Rogeron,progeron3m
132,Micheal,Corballis,mcorballis3n
133,Jocelyn,Rockwell,jrockwell3o
134,Quinn,Haddick,qhaddick3p
135,Jillie,Pickup,jpickup3q
136,Arlina,Bogart,abogart3r
137,Caressa,Chester,cchester3s
138,Rochester,Rizziello,rrizziello3t
139,Murdoch,Fonzo,mfonzo3u
140,Benedikt,Michiel,bmichiel3v
141,Dorelle,Cardenoso,dcardenoso3w
142,Jacquenetta,Luna,jluna3x
143,Dottie,Gaydon,dgaydon3y
144,Nettie,Print,nprint3z
145,Moyna,Stonehouse,mstonehouse40
146,Clayton,Tedahl,ctedahl41
147,Lorenza,Dillingstone,ldillingstone42
148,Raimund,Di Biagi,rdibiagi43
149,Indira,Dimmick,idimmick44
150,Abagail,Govett,agovett45
151,Gwenora,Jeffels,gjeffels46
152,Arlette,Riglar,ariglar47
153,Daron,Yashin,dyashin48
154,Brandice,Lewens,blewens49
155,Quinta,Stollsteiner,qstollsteiner4a
156,Leonanie,Lind,llind4b
157,Myron,Willingam,mwillingam4c
158,Ann,Jenking,ajenking4d
159,Louie,Moyles,lmoyles4e
160,Sofia,Couronne,scouronne4f
161,Bendick,Tomkin,btomkin4g
162,Dinny,Skoughman,dskoughman4h
163,Jefferson,Nutley,jnutley4i
164,Cassius,Robelet,crobelet4j
165,Dita,Caldow,dcaldow4k
166,Colas,Curror,ccurror4l
167,Philomena,Holywell,pholywell4m
168,Aile,Rope,arope4n
169,Lev,Shutle,lshutle4o
170,Merla,Redgrove,mredgrove4p
171,Bowie,Brimley,bbrimley4q
172,Sadie,Ventham,sventham4r
173,Eduardo,Antonov,eantonov4s
174,Leopold,Biffin,lbiffin4t
175,Aviva,Joskowicz,ajoskowicz4u
176,Red,Weightman,rweightman4v
177,Ingaborg,Flack,iflack4w
178,Alexia,McNellis,amcnellis4x
179,Allen,Dillingstone,adillingstone4y
180,Caleb,Harrowing,charrowing4z
181,Jeri,Redish,jredish50
182,Lesly,Croxton,lcroxton51
183,Gabriello,MacCague,gmaccague52
184,Doll,Moukes,dmoukes53
185,Theresina,Phoebe,tphoebe54
186,Storm,Richly,srichly55
187,Corette,Bougourd,cbougourd56
188,Camilla,Tague,ctague57
189,Shae,Warland,swarland58
190,Jonie,Sellors,jsellors59
191,Darsey,Dobell,ddobell5a
192,Arnoldo,Ludman,aludman5b
193,Honor,Sutehall,hsutehall5c
194,Silvana,Caney,scaney5d
195,Philis,Dosdale,pdosdale5e
196,Morgana,Maddison,mmaddison5f
197,Lanita,Getch,lgetch5g
198,Jobi,Hurll,jhurll5h
199,Clarita,Kinlock,ckinlock5i
200,Gabriell,Duquesnay,gduquesnay5j
201,Aida,Ritson,aritson5k
202,Thedrick,Loines,tloines5l
203,Hobard,Volcker,hvolcker5m
204,Chere,Sagar,csagar5n
205,Quintana,Texton,qtexton5o
206,Lorita,Whimpenny,lwhimpenny5p
207,Shawn,Haddeston,shaddeston5q
208,Vittorio,Olenikov,volenikov5r
209,Alli,Jantet,ajantet5s
210,Nerty,Alty,nalty5t
211,Arel,Dockerty,adockerty5u
212,Clyde,Pheasant,cpheasant5v
213,Alley,Ysson,aysson5w
214,Trish,Barszczewski,tbarszczewski5x
215,Kathi,Bosward,kbosward5y
216,Esmeralda,Friedank,efriedank5z
217,Shane,Scase,sscase60
218,Stevana,Mont,smont61
219,Avril,Wennam,awennam62
220,Damien,Bantock,dbantock63
221,Jordan,Grimsley,jgrimsley64
222,Stanwood,Stockman,sstockman65
223,Courtenay,Keirle,ckeirle66
224,Fanechka,Paynton,fpaynton67
225,Dominica,McTeer,dmcteer68
226,Shena,Smeeth,ssmeeth69
227,Leonanie,Allworthy,lallworthy6a
228,Byron,Fiddiman,bfiddiman6b
229,Brig,Henker,bhenker6c
230,Sullivan,Garmans,sgarmans6d
231,Field,Fillary,ffillary6e
232,Britteny,McCullagh,bmccullagh6f
233,Giacomo,Sarrell,gsarrell6g
234,Gale,Magnus,gmagnus6h
235,Bethina,Schoolfield,bschoolfield6i
236,Kania,Dovidian,kdovidian6j
237,Fredrika,Cogar,fcogar6k
238,Nobe,Littlefair,nlittlefair6l
239,Margy,Simenot,msimenot6m
240,Pearl,Nisco,pnisco6n
241,Em,Broxup,ebroxup6o
242,Jobie,Nester,jnester6p
243,Penn,Ginman,pginman6q
244,Toma,Jacquemard,tjacquemard6r
245,Mose,Roswarn,mroswarn6s
246,Ambrosius,Stockney,astockney6t
247,Dominick,Scrymgeour,dscrymgeour6u
248,Hilary,Hoys,hhoys6v
249,Ravid,Woodwind,rwoodwind6w
250,Feodor,Lyvon,flyvon6x
251,Dominique,Preddle,dpreddle6y
252,Derril,Croxon,dcroxon6z
253,Shandie,Adamsen,sadamsen70
254,Elisabeth,Mattiacci,emattiacci71
255,Sholom,Dulwich,sdulwich72
256,Faber,Barfoot,fbarfoot73
257,Marti,Elsdon,melsdon74
258,Sharai,Springford,sspringford75
259,Dianna,Logan,dlogan76
260,Nickolaus,Skipworth,nskipworth77
261,Parker,Plane,pplane78
262,Tootsie,Greatbank,tgreatbank79
263,Sasha,Rosenfeld,srosenfeld7a
264,Skipton,Ruff,sruff7b
265,Wendall,Callington,wcallington7c
266,Marti,Mityushin,mmityushin7d
267,Obed,Buesden,obuesden7e
268,Candis,Emslie,cemslie7f
269,Klement,Hamber,khamber7g
270,Avis,Tallent,atallent7h
271,Rois,Di Angelo,rdiangelo7i
272,Darelle,Matyatin,dmatyatin7j
273,Cathrine,Corless,ccorless7k
274,Alick,Skechley,askechley7l
275,Kelley,Bockh,kbockh7m
276,Regen,Rosebotham,rrosebotham7n
277,Kessia,Grigoliis,kgrigoliis7o
278,Mandy,Wishkar,mwishkar7p
279,Elene,Espinos,eespinos7q
280,Alyson,Legging,alegging7r
281,Risa,Surcombe,rsurcombe7s
282,Nariko,Lingner,nlingner7t
283,Drake,Jarmyn,djarmyn7u
284,Vina,Rottcher,vrottcher7v
285,Rusty,Marchand,rmarchand7w
286,Rick,Eastwood,reastwood7x
287,Hal,Clarricoates,hclarricoates7y
288,Kerry,Canfield,kcanfield7z
289,Costa,Shipley,cshipley80
290,Marcy,Bretton,mbretton81
291,Colver,Favel,cfavel82
292,Natassia,Renehan,nrenehan83
293,Alleen,Bawcock,abawcock84
294,Sloane,Guilbert,sguilbert85
295,Domingo,Jaszczak,djaszczak86
296,Orin,Clemmen,oclemmen87
297,Carmon,Jellico,cjellico88
298,Donall,O'Flaverty,doflaverty89
299,Gerri,Thomlinson,gthomlinson8a
300,Vicki,Berns,vberns8b
301,Merrile,Klimuk,mklimuk8c
302,Kelila,Duffyn,kduffyn8d
303,Ly,Whittingham,lwhittingham8e
304,Jemimah,Hildrew,jhildrew8f
305,Hamlen,Nelthrop,hnelthrop8g
306,Tate,Kellar,tkellar8h
307,Cathryn,Ventura,cventura8i
308,Gayler,Tatum,gtatum8j
309,Louisette,Fillon,lfillon8k
310,Gerrilee,Egle,gegle8l
311,Randolf,Benettini,rbenettini8m
312,Margy,Tregian,mtregian8n
313,Pedro,Vogelein,pvogelein8o
314,Mandie,McKelvey,mmckelvey8p
315,Jannelle,Elsy,jelsy8q
316,Deedee,Georgescu,dgeorgescu8r
317,Alwin,Kelloway,akelloway8s
318,Brand,Terrell,bterrell8t
319,Ginni,Trenoweth,gtrenoweth8u
320,Nicole,Sherlock,nsherlock8v
321,Flossie,Devorill,fdevorill8w
322,Jaime,Piner,jpiner8x
323,Sherye,Farnin,sfarnin8y
324,Angelina,Conibear,aconibear8z
325,Netty,Berends,nberends90
326,Astrix,Boone,aboone91
327,Jeanna,McMeanma,jmcmeanma92
328,Llewellyn,Braiden,lbraiden93
329,Salomone,Normanvell,snormanvell94
330,Teri,Ainley,tainley95
331,Staford,Ruthven,sruthven96
332,Grant,Attenbarrow,gattenbarrow97
333,Sofia,Dundredge,sdundredge98
334,Shea,Hurndall,shurndall99
335,Ivan,Fernier,ifernier9a
336,Jori,Gooch,jgooch9b
337,Mandel,Semaine,msemaine9c
338,Carol-jean,Tomasino,ctomasino9d
339,Dasha,Gres,dgres9e
340,Floria,Krahl,fkrahl9f
341,Galen,Whitfeld,gwhitfeld9g
342,Marrilee,McRobb,mmcrobb9h
343,Hakim,Mathivet,hmathivet9i
344,Chas,Caseley,ccaseley9j
345,Ilysa,Woloschinski,iwoloschinski9k
346,Austina,Shanley,ashanley9l
347,Ofelia,Eaklee,oeaklee9m
348,Amble,Whotton,awhotton9n
349,Mario,Tallach,mtallach9o
350,Bax,Tinmouth,btinmouth9p
351,Margi,Gideon,mgideon9q
352,Chiarra,Costanza,ccostanza9r
353,Justino,Chamney,jchamney9s
354,Kirsti,Pilger,kpilger9t
355,Jasen,Preshous,jpreshous9u
356,Dacy,Loffel,dloffel9v
357,Jackie,Wrightham,jwrightham9w
358,Piotr,Kreutzer,pkreutzer9x
359,Halsy,Cleveland,hcleveland9y
360,Stewart,Muirden,smuirden9z
361,Carri,Loxley,cloxleya0
362,Ev,Motion,emotiona1
363,Alana,Hobbing,ahobbinga2
364,Marie-ann,Lots,mlotsa3
365,Vernor,Cansdall,vcansdalla4
366,Lindsay,Healks,lhealksa5
367,Yevette,Giovannazzi,ygiovannazzia6
368,Avigdor,Vuitte,avuittea7
369,Patric,Charette,pcharettea8
370,Ivor,Rucklidge,irucklidgea9
371,Janot,Starbeck,jstarbeckaa
372,Priscella,Szymoni,pszymoniab
373,Dolli,Laverock,dlaverockac
374,Zulema,Aizikov,zaizikovad
375,Townsend,Biesty,tbiestyae
376,Wylie,Lovart,wlovartaf
377,Nyssa,Alldis,nalldisag
378,Hertha,Band,hbandah
379,Maxie,Scroyton,mscroytonai
380,Denise,Bilbrook,dbilbrookaj
381,Elisabeth,Verson,eversonak
382,Ailene,Aldwinckle,aaldwinckleal
383,Electra,Mattingson,emattingsonam
384,Ellsworth,Bocke,ebockean
385,Shirley,Pynn,spynnao
386,Brynna,Skeemor,bskeemorap
387,Geneva,Faucherand,gfaucherandaq
388,Chad,Commucci,ccommucciar
389,Dinnie,Doulton,ddoultonas
390,Oralee,Gallety,ogalletyat
391,Lucine,Alway,lalwayau
392,Viviyan,Grandisson,vgrandissonav
393,Nydia,Playle,nplayleaw
394,Caspar,Ruhben,cruhbenax
395,Dougy,Porker,dporkeray
396,Arnuad,Lyte,alyteaz
397,Dennet,Flanner,dflannerb0
398,Taylor,Dearsley,tdearsleyb1
399,Geneva,Charles,gcharlesb2
400,August,Candy,acandyb3
401,Rhett,Burnsall,rburnsallb4
402,Marika,Bayston,mbaystonb5
403,Murielle,Gatheral,mgatheralb6
404,Ulysses,Forstall,uforstallb7
405,Hilary,Leadbitter,hleadbitterb8
406,Fraser,Champion,fchampionb9
407,Brock,Adolf,badolfba
408,Sully,Swallwell,sswallwellbb
409,Olympia,Fraine,ofrainebc
410,Lonee,Priter,lpriterbd
411,Anabelle,Milington,amilingtonbe
412,Laural,Chastanet,lchastanetbf
413,Ebony,Lansley,elansleybg
414,Valerie,Daftor,vdaftorbh
415,Sallee,Jackes,sjackesbi
416,Mina,Haisell,mhaisellbj
417,Brynn,Aristide,baristidebk
418,Sterne,Anglish,sanglishbl
419,Morse,Aicheson,maichesonbm
420,Felicdad,Nickoles,fnickolesbn
421,Wilmer,Abramov,wabramovbo
422,Leontyne,Hinkins,lhinkinsbp
423,Amory,Frankcomb,afrankcombbq
424,Whitman,Riccardelli,wriccardellibr
425,Monique,Pead,mpeadbs
426,Nicholle,Cuttelar,ncuttelarbt
427,Jeffie,Norsister,jnorsisterbu
428,Piggy,Blaza,pblazabv
429,Marne,Toffalo,mtoffalobw
430,Melodie,Creane,mcreanebx
431,Erin,Lorrimer,elorrimerby
432,Aurelea,Kleine,akleinebz
433,Merridie,Valois,mvaloisc0
434,Adelaide,Mahaddy,amahaddyc1
435,Lilias,Robardet,lrobardetc2
436,Benton,Crayden,bcraydenc3
437,Koenraad,Akid,kakidc4
438,Hewitt,Birdwhistell,hbirdwhistellc5
439,Oliver,Kilgallon,okilgallonc6
440,Mab,Louys,mlouysc7
441,Chancey,Condie,ccondiec8
442,Rebbecca,Haugg,rhauggc9
443,Eudora,MacRitchie,emacritchieca
444,Lemmie,Gherardelli,lgherardellicb
445,Natalee,Moppett,nmoppettcc
446,Fayre,Antonacci,fantonaccicd
447,Amos,O'Noland,aonolandce
448,Lila,Okenden,lokendencf
449,Micheil,Leisman,mleismancg
450,Larina,Bernhard,lbernhardch
451,Lacey,Pentin,lpentinci
452,Edee,Ribey,eribeycj
453,Valentino,Banbridge,vbanbridgeck
454,Sheelagh,Cornbill,scornbillcl
455,Rossy,Monckton,rmoncktoncm
456,Cody,Wrates,cwratescn
457,Dorice,Legrand,dlegrandco
458,Ynez,Tetla,ytetlacp
459,Goddart,Baiyle,gbaiylecq
460,Sascha,Ingles,singlescr
461,Brook,Hymer,bhymercs
462,Yvette,Lukianov,ylukianovct
463,Lynda,Vasyunin,lvasyunincu
464,Elyse,Pouck,epouckcv
465,Kassia,Colles,kcollescw
466,Katrinka,Vakhrushev,kvakhrushevcx
467,Benedick,Whalley,bwhalleycy
468,Court,Leemans,cleemanscz
469,Marni,Ballay,mballayd0
470,Beth,Denholm,bdenholmd1
471,Penny,Stapels,pstapelsd2
472,Garner,Capron,gcaprond3
473,Shem,Leroux,slerouxd4
474,Astrix,McPolin,amcpolind5
475,Rickert,Casterot,rcasterotd6
476,Milli,Harlett,mharlettd7
477,Kayne,Seggie,kseggied8
478,Gregorius,Stirzaker,gstirzakerd9
479,Lee,Niche,lnicheda
480,Mikol,O'Reilly,moreillydb
481,Husein,Lumsdall,hlumsdalldc
482,Corilla,Piwell,cpiwelldd
483,Vasily,McGaw,vmcgawde
484,Der,Fairtlough,dfairtloughdf
485,Berton,Matveyev,bmatveyevdg
486,Nona,Creasy,ncreasydh
487,Sonia,Woolger,swoolgerdi
488,Rurik,Riggulsford,rriggulsforddj
489,Renate,Spendley,rspendleydk
490,Candy,Hulles,chullesdl
491,Porter,Dwelly,pdwellydm
492,Cesya,Weagener,cweagenerdn
493,Marigold,Hansemann,mhansemanndo
494,Gillie,Burnside,gburnsidedp
495,Si,Weson,swesondq
496,Sampson,Damrel,sdamreldr
497,Marcelo,Vonasek,mvonasekds
498,Dario,Goard,dgoarddt
499,Derrick,Cissell,dcisselldu
500,Paloma,Jull,pjulldv
501,Gerladina,Heugh,gheughdw
502,Orel,Queyos,oqueyosdx
503,Inna,Kobpal,ikobpaldy
504,Marcela,Paireman,mpairemandz
505,Charissa,Brownlow,cbrownlowe0
506,Yorgo,Taberer,ytaberere1
507,Daffi,Littley,dlittleye2
508,Kaylyn,Jeeves,kjeevese3
509,Wat,Bayston,wbaystone4
510,Rhea,Phizaclea,rphizacleae5
511,Bess,Cleverly,bcleverlye6
512,Gretal,Wileman,gwilemane7
513,Pollyanna,Whalley,pwhalleye8
514,Wolfgang,Eustes,weustese9
515,Chloris,Bainton,cbaintonea
516,Bradney,Jobey,bjobeyeb
517,Nedi,Hambric,nhambricec
518,Davon,Geindre,dgeindreed
519,Robbyn,Goulston,rgoulstonee
520,Sandra,Shurey,sshureyef
521,Dewain,Jacklin,djacklineg
522,Merola,Anstie,manstieeh
523,Lindsay,Ranson,lransonei
524,Amata,Dredge,adredgeej
525,Debera,Brunn,dbrunnek
526,Annecorinne,Devenport,adevenportel
527,Markos,Jarrel,mjarrelem
528,Jarred,Erskine Sandys,jerskinesandysen
529,Murdoch,Thurlborn,mthurlborneo
530,Scotty,Baynom,sbaynomep
531,Aime,Archanbault,aarchanbaulteq
532,Cristobal,Ragate,cragateer
533,Josi,Marusik,jmarusikes
534,Edouard,Busse,ebusseet
535,Belvia,Ohlsen,bohlseneu
536,Terrye,Lofty,tloftyev
537,Trix,Suttie,tsuttieew
538,Hayward,Davydzenko,hdavydzenkoex
539,Darrin,Kinnon,dkinnoney
540,Amil,McQuirter,amcquirterez
541,Lovell,Szimoni,lszimonif0
542,Olenka,Zammitt,ozammittf1
543,Morlee,Cecil,mcecilf2
544,Ailee,McGooch,amcgoochf3
545,Petrina,Ropking,propkingf4
546,Salvador,Linch,slinchf5
547,Cody,Henfre,chenfref6
548,Lucia,Melbourne,lmelbournef7
549,Amalia,Burnhard,aburnhardf8
550,Vina,Francisco,vfranciscof9
551,Casie,Gaze,cgazefa
552,Janeczka,Phizakarley,jphizakarleyfb
553,Sylas,Gallamore,sgallamorefc
554,Audra,McCarthy,amccarthyfd
555,Larissa,Praundl,lpraundlfe
556,Maegan,Pikesley,mpikesleyff
557,Keane,Carman,kcarmanfg
558,Jasper,Lewer,jlewerfh
559,Pyotr,Strank,pstrankfi
560,Verina,Farndon,vfarndonfj
561,Fanchette,Semark,fsemarkfk
562,Myron,Infante,minfantefl
563,Marji,Bonwell,mbonwellfm
564,Faunie,Klimentyonok,fklimentyonokfn
565,Marlee,MacIan,mmacianfo
566,Zola,Toma,ztomafp
567,Cross,Leonardi,cleonardifq
568,Maryjane,Ricciardi,mricciardifr
569,Kellen,Lau,klaufs
570,Trey,Imason,timasonft
571,Marchelle,Jocelyn,mjocelynfu
572,Shane,Garron,sgarronfv
573,Cirstoforo,Wannell,cwannellfw
574,Shermie,Craydon,scraydonfx
575,Kore,Mouton,kmoutonfy
576,Calvin,Fowlds,cfowldsfz
577,Harley,Hoyle,hhoyleg0
578,Trefor,Foote,tfooteg1
579,Franz,Fishbourne,ffishbourneg2
580,Berkley,Hindsberg,bhindsbergg3
581,Wyn,Gorhardt,wgorhardtg4
582,Darryl,Chatwin,dchatwing5
583,Boyd,Southcomb,bsouthcombg6
584,Nata,Critten,ncritteng7
585,Vlad,Althorp,valthorpg8
586,Danit,Oats,doatsg9
587,Cesar,Brusin,cbrusinga
588,Mirilla,Larvent,mlarventgb
589,Carmina,Tremelling,ctremellinggc
590,Bernarr,Saice,bsaicegd
591,Debby,Gusticke,dgustickege
592,Barnie,Dimic,bdimicgf
593,Elissa,McCurdy,emccurdygg
594,Adan,Sambrook,asambrookgh
595,Burty,Baudesson,bbaudessongi
596,Ervin,Patron,epatrongj
597,Ambrose,Pessolt,apessoltgk
598,Arda,Caherny,acahernygl
599,Claribel,Wooller,cwoollergm
600,Brittni,Beachem,bbeachemgn
601,Ingelbert,Waith,iwaithgo
602,Corry,Archibold,carchiboldgp
603,Dulcine,Andraud,dandraudgq
604,Verge,Heephy,vheephygr
605,Stacy,Scud,sscudgs
606,Rey,Vearncombe,rvearncombegt
607,Maris,McCleary,mmcclearygu
608,Randolph,Stappard,rstappardgv
609,Naoma,Jakab,njakabgw
610,Ginny,Andreazzi,gandreazzigx
611,Mildrid,Gunson,mgunsongy
612,Leola,Selwyne,lselwynegz
613,Matthias,Marchant,mmarchanth0
614,Erinna,Pollastro,epollastroh1
615,Jorie,Niezen,jniezenh2
616,Bren,Borland,bborlandh3
617,Jud,Fishburn,jfishburnh4
618,Meta,Rabbet,mrabbeth5
619,Jarred,Labroue,jlabroueh6
620,Dareen,Alcorn,dalcornh7
621,Lula,Goodreid,lgoodreidh8
622,Blair,Adcock,badcockh9
623,Michael,Fessler,mfesslerha
624,Erin,Spillane,espillanehb
625,Datha,Rivilis,drivilishc
626,Carmita,Hatherleigh,chatherleighhd
627,Clemens,Haysey,chayseyhe
628,Victoria,Tumulty,vtumultyhf
629,Alayne,Nangle,ananglehg
630,Randie,Elvey,relveyhh
631,Callie,Hallward,challwardhi
632,Lutero,Threadgall,lthreadgallhj
633,Weylin,Foote,wfootehk
634,Kelly,McLucky,kmcluckyhl
635,Chris,Leversha,clevershahm
636,Kip,Blanchette,kblanchettehn
637,Wynnie,Swetmore,wswetmoreho
638,Sheila-kathryn,O'Doohaine,sodoohainehp
639,Washington,Campbell-Dunlop,wcampbelldunlophq
640,Renault,Benes,rbeneshr
641,Allegra,Whimpenny,awhimpennyhs
642,Randolf,Braznell,rbraznellht
643,Lucius,Queripel,lqueripelhu
644,Jacobo,Barthelme,jbarthelmehv
645,Chaim,Crilly,ccrillyhw
646,Bax,McCritichie,bmccritichiehx
647,Launce,Freake,lfreakehy
648,Dacia,Blanshard,dblanshardhz
649,Gertie,Emm,gemmi0
650,Rockey,Vegas,rvegasi1
651,Jorry,Powdrill,jpowdrilli2
652,Elonore,Dyter,edyteri3
653,Cary,O'Hingerty,cohingertyi4
654,Wynnie,Deinhardt,wdeinhardti5
655,Ode,Wingar,owingari6
656,Farr,Arnolds,farnoldsi7
657,Therese,Hartland,thartlandi8
658,Karena,Sockell,ksockelli9
659,Darla,Pirelli,dpirelliia
660,Alford,Ilyinski,ailyinskiib
661,Jim,Capaldo,jcapaldoic
662,Arnoldo,Benjafield,abenjafieldid
663,Alanson,Gallagher,agallagherie
664,Wilow,Knowlys,wknowlysif
665,Timmy,Lightbourne,tlightbourneig
666,Matthieu,Nattrass,mnattrassih
667,Rene,Halladay,rhalladayii
668,Selig,Laxston,slaxstonij
669,Lilah,Bendare,lbendareik
670,Ailsun,Newdick,anewdickil
671,Emmi,Gager,egagerim
672,Harmonia,McKinlay,hmckinlayin
673,Pavel,Basketter,pbasketterio
674,Scotty,Jowling,sjowlingip
675,Myron,McWhan,mmcwhaniq
676,Ives,Everett,ieverettir
677,Beatrisa,Duxbury,bduxburyis
678,Nanette,Klaves,nklavesit
679,Lon,Skyme,lskymeiu
680,Kriste,Cleyburn,kcleyburniv
681,Pansie,MacCoughan,pmaccoughaniw
682,Mechelle,Bolstridge,mbolstridgeix
683,Tommy,Schankel,tschankeliy
684,Lacy,De Mico,ldemicoiz
685,Ole,Sherr,osherrj0
686,Crissy,Sinclar,csinclarj1
687,Ronni,Witard,rwitardj2
688,Bailie,Juorio,bjuorioj3
689,Quinn,Derrett,qderrettj4
690,Aloysia,Philp,aphilpj5
691,Jacquette,Treffrey,jtreffreyj6
692,Padgett,Stearn,pstearnj7
693,Margy,Caton,mcatonj8
694,Martino,Duchasteau,mduchasteauj9
695,Belinda,Gulliman,bgullimanja
696,Godart,McBoyle,gmcboylejb
697,Gracie,Croley,gcroleyjc
698,Karolina,Flament,kflamentjd
699,Morrie,Stiling,mstilingje
700,Bari,Camosso,bcamossojf
701,Tobi,Khotler,tkhotlerjg
702,Jim,McGraffin,jmcgraffinjh
703,Caresa,Steen,csteenji
704,Jori,Coling,jcolingjj
705,Traver,Broader,tbroaderjk
706,Jeni,Puckinghorne,jpuckinghornejl
707,Daphna,Gulberg,dgulbergjm
708,Terrye,Cowx,tcowxjn
709,Valera,Boreham,vborehamjo
710,Trip,Lundbeck,tlundbeckjp
711,Tabbie,Worms,twormsjq
712,Jerald,Gumbrell,jgumbrelljr
713,Merci,Faulkes,mfaulkesjs
714,Linda,Fuzzens,lfuzzensjt
715,Benyamin,Millery,bmilleryju
716,Elsa,Berrygun,eberrygunjv
717,Emma,Longstaffe,elongstaffejw
718,Constantino,Lauchlan,clauchlanjx
719,Tybie,Pointon,tpointonjy
720,Marina,Pestell,mpestelljz
721,Annalee,Petricek,apetricekk0
722,Gianina,Stuchbury,gstuchburyk1
723,Riane,Baildon,rbaildonk2
724,Bennie,Astle,bastlek3
725,Derrick,Goggin,dgoggink4
726,Mireielle,Sweetnam,msweetnamk5
727,Kayne,Edgerly,kedgerlyk6
728,El,Palluschek,epalluschekk7
729,Kalila,Worledge,kworledgek8
730,Erhard,McCahill,emccahillk9
731,Christye,Edmand,cedmandka
732,Patrica,Whellams,pwhellamskb
733,Luther,Akeherst,lakeherstkc
734,Heywood,Lockhart,hlockhartkd
735,El,Hartrick,ehartrickke
736,Noam,Batchley,nbatchleykf
737,Garland,Vondrach,gvondrachkg
738,Tomasina,Mandrey,tmandreykh
739,Tynan,Felmingham,tfelminghamki
740,Correna,Kuzma,ckuzmakj
741,Lucias,Timbrell,ltimbrellkk
742,Maxie,Jewel,mjewelkl
743,Bram,Brimble,bbrimblekm
744,Bentlee,McNabb,bmcnabbkn
745,Ham,Kinnier,hkinnierko
746,Bran,Winstone,bwinstonekp
747,Drucie,Vannozzii,dvannozziikq
748,Maxine,Frape,mfrapekr
749,Clio,Fiennes,cfiennesks
750,Nate,Fitt,nfittkt
751,Lynnet,Morigan,lmoriganku
752,Ozzie,Rosenqvist,orosenqvistkv
753,Hubert,Lyman,hlymankw
754,Raychel,Switland,rswitlandkx
755,Fidel,Cutmare,fcutmareky
756,Elston,Axel,eaxelkz
757,Tiena,Thomsen,tthomsenl0
758,Veriee,Dudeney,vdudeneyl1
759,Cyndia,Sentinella,csentinellal2
760,Lucienne,Roma,lromal3
761,Marthe,Fettiplace,mfettiplacel4
762,Mahmud,Niemiec,mniemiecl5
763,Sibeal,Groom,sgrooml6
764,Maury,Filpo,mfilpol7
765,Laural,Ashfull,lashfulll8
766,Rossie,McConnel,rmcconnell9
767,Suzy,Sahlstrom,ssahlstromla
768,Charyl,Behling,cbehlinglb
769,Barb,Gyngell,bgyngelllc
770,Danella,Symondson,dsymondsonld
771,Bengt,Hubbis,bhubbisle
772,Cody,Benesevich,cbenesevichlf
773,Sallee,Farrand,sfarrandlg
774,Eugenio,Freeborn,efreebornlh
775,Darby,Moresby,dmoresbyli
776,Melony,Yellep,myelleplj
777,Branden,Maccree,bmaccreelk
778,Jaclyn,Heathfield,jheathfieldll
779,Jacquenetta,Dottridge,jdottridgelm
780,Carolin,Edkins,cedkinsln
781,Alysa,Bernardino,abernardinolo
782,Nina,Gladhill,ngladhilllp
783,Karry,Ninnoli,kninnolilq
784,Hatty,Semechik,hsemechiklr
785,Prent,Pinnigar,ppinnigarls
786,Bunny,Babbe,bbabbelt
787,Ginevra,Enderson,gendersonlu
788,Huntlee,Aulsford,haulsfordlv
789,Wally,Ragot,wragotlw
790,Clayborne,Cornely,ccornelylx
791,Grace,Dimitresco,gdimitrescoly
792,Karel,O'Lahy,kolahylz
793,Torin,Rivel,trivelm0
794,Stoddard,Whiffen,swhiffenm1
795,Danit,Donan,ddonanm2
796,Dunc,Van Merwe,dvanmerwem3
797,Sig,Adcocks,sadcocksm4
798,Thedrick,Lean,tleanm5
799,Dolph,Chatwood,dchatwoodm6
800,Kennan,Lishman,klishmanm7
801,Frannie,Dewis,fdewism8
802,Olin,Colebeck,ocolebeckm9
803,Lurline,Cheale,lchealema
804,Arch,Beloe,abeloemb
805,Corrinne,Hedaux,chedauxmc
806,Allys,Pietasch,apietaschmd
807,Kittie,Croutear,kcroutearme
808,Elihu,Chaplyn,echaplynmf
809,Anni,Danilov,adanilovmg
810,Angela,Jales,ajalesmh
811,Elroy,Fogel,efogelmi
812,Tamarah,Tweed,ttweedmj
813,Jeremiah,Bettridge,jbettridgemk
814,Ursula,Drillingcourt,udrillingcourtml
815,Leesa,Reuble,lreublemm
816,Milli,Bradlaugh,mbradlaughmn
817,Shelden,Sampson,ssampsonmo
818,Cacilie,Walding,cwaldingmp
819,Cindra,Woolaston,cwoolastonmq
820,Diena,Souttar,dsouttarmr
821,Ailina,Bennetts,abennettsms
822,Perrine,Liggens,pliggensmt
823,Willey,Simchenko,wsimchenkomu
824,Margarethe,Hick,mhickmv
825,Nicolina,Waldren,nwaldrenmw
826,Marni,Phinnessy,mphinnessymx
827,Tatiania,Jardein,tjardeinmy
828,Birgit,Earingey,bearingeymz
829,Marysa,Vatcher,mvatchern0
830,Gay,Ghidelli,gghidellin1
831,Collette,Sutherns,csuthernsn2
832,Lynett,Dawson,ldawsonn3
833,John,Stiff,jstiffn4
834,Quintana,Bothbie,qbothbien5
835,Kevyn,Macguire,kmacguiren6
836,Angil,Uren,aurenn7
837,Freddy,Fuxman,ffuxmann8
838,Sascha,Mantha,smanthan9
839,Del,Marieton,dmarietonna
840,Eustace,Cissen,ecissennb
841,Arlin,Rosnau,arosnaunc
842,Georgina,Adenet,gadenetnd
843,Fredericka,Causon,fcausonne
844,Ailene,Ferreo,aferreonf
845,Nicol,Blockwell,nblockwellng
846,Dermot,Byatt,dbyattnh
847,Nannie,Screase,nscreaseni
848,Vachel,Hedworth,vhedworthnj
849,Weylin,Challenor,wchallenornk
850,Kirstyn,Woolvett,kwoolvettnl
851,Goddart,Dey,gdeynm
852,Jackquelin,Troubridge,jtroubridgenn
853,Lissi,Padden,lpaddenno
854,Neale,Staveley,nstaveleynp
855,Evyn,Mattschas,emattschasnq
856,Lorry,Tamas,ltamasnr
857,Patin,Mico,pmicons
858,Genevieve,Shipston,gshipstonnt
859,Amalita,Tuckie,atuckienu
860,Saundra,Sands-Allan,ssandsallannv
861,Holly,Maudling,hmaudlingnw
862,Rodi,Handrok,rhandroknx
863,Mable,Cheson,mchesonny
864,Joya,Cawdell,jcawdellnz
865,Celeste,Dregan,cdregano0
866,Aylmar,Risby,arisbyo1
867,Billy,Dehmel,bdehmelo2
868,Tann,Dunnaway,tdunnawayo3
869,Lulita,Scampion,lscampiono4
870,Dominga,Cricket,dcricketo5
871,Renault,Wyllie,rwyllieo6
872,Carlye,Cranson,ccransono7
873,Robin,Alwen,ralweno8
874,Dolorita,Whild,dwhildo9
875,Alaster,Andrat,aandratoa
876,Lula,Dollimore,ldollimoreob
877,Jennilee,Leethem,jleethemoc
878,Brietta,Gandrich,bgandrichod
879,Leola,McCrisken,lmccriskenoe
880,Sheena,Percy,spercyof
881,Dalton,Anelay,danelayog
882,Terra,Heugel,theugeloh
883,Saundra,Eleshenar,seleshenaroi
884,Wade,Mundell,wmundelloj
885,Cristin,Plumer,cplumerok
886,Nancie,Loade,nloadeol
887,Anthony,Louth,alouthom
888,Jakob,Brownett,jbrownetton
889,Hyacinthia,Gosney,hgosneyoo
890,Julietta,Sabbin,jsabbinop
891,Shelia,Easterby,seasterbyoq
892,Whitman,Sams,wsamsor
893,Caren,Ivancevic,civancevicos
894,Nollie,Pentlow,npentlowot
895,Raul,Peart,rpeartou
896,Nathanil,Gage,ngageov
897,Siegfried,Standley,sstandleyow
898,Allard,Domonkos,adomonkosox
899,Maddalena,McKennan,mmckennanoy
900,Dedra,Desborough,ddesboroughoz
901,Briana,Gherarducci,bgherarduccip0
902,Bradford,Le Estut,bleestutp1
903,Bobby,Baiden,bbaidenp2
904,Kasey,Sorrill,ksorrillp3
905,Ruthe,McOmish,rmcomishp4
906,Alexio,Dunklee,adunkleep5
907,Leonore,Dunridge,ldunridgep6
908,Lazare,Franek,lfranekp7
909,Wilmette,Furby,wfurbyp8
910,Violetta,Cracker,vcrackerp9
911,Ealasaid,De Vries,edevriespa
912,Esta,Heimann,eheimannpb
913,Milli,Dykins,mdykinspc
914,Lavinia,Kleinbaum,lkleinbaumpd
915,Zuzana,Strother,zstrotherpe
916,Clarissa,Kennea,ckenneapf
917,Kayne,Collcott,kcollcottpg
918,Jaquith,Ghiotto,jghiottoph
919,Granville,Liverseege,gliverseegepi
920,Chance,Van der Beek,cvanderbeekpj
921,Karel,Clemes,kclemespk
922,Adrian,Tribe,atribepl
923,Shea,McLoughlin,smcloughlinpm
924,Shauna,Battlestone,sbattlestonepn
925,Sherri,Waldera,swalderapo
926,Cleon,Mosten,cmostenpp
927,Hortensia,Astupenas,hastupenaspq
928,Samuel,Schuh,sschuhpr
929,Eleanora,Cadore,ecadoreps
930,Ashlin,Ernshaw,aernshawpt
931,Cinda,Tyson,ctysonpu
932,Steffen,Dysert,sdysertpv
933,Tallou,Skerratt,tskerrattpw
934,Maryjane,Osgarby,mosgarbypx
935,Ketti,Jackling,kjacklingpy
936,Brock,Woolf,bwoolfpz
937,Jed,Morican,jmoricanq0
938,Edgar,Piscopello,episcopelloq1
939,Danny,Gobat,dgobatq2
940,Claudine,McCoish,cmccoishq3
941,Rabbi,Flancinbaum,rflancinbaumq4
942,Emanuel,Buick,ebuickq5
943,April,Jago,ajagoq6
944,Shay,Gateman,sgatemanq7
945,Farrel,Oake,foakeq8
946,Ruttger,Glasper,rglasperq9
947,Nikolaos,Tellenbrook,ntellenbrookqa
948,Tasha,Kintish,tkintishqb
949,Latrina,Sinson,lsinsonqc
950,Kelly,Ranyelld,kranyelldqd
951,Jaime,Curner,jcurnerqe
952,Antonie,Morrid,amorridqf
953,Averill,Letts,alettsqg
954,Marlo,Nuemann,mnuemannqh
955,Orton,Passman,opassmanqi
956,Ashia,Utting,auttingqj
957,Randee,Heijne,rheijneqk
958,Anson,Dominichetti,adominichettiql
959,Gustave,Overy,goveryqm
960,Hilda,Blint,hblintqn
961,Ase,Atchly,aatchlyqo
962,Kristyn,Dood,kdoodqp
963,Bendite,Garaghan,bgaraghanqq
964,Anselm,Findlater,afindlaterqr
965,Adiana,Sneath,asneathqs
966,Marji,Clymer,mclymerqt
967,Sayre,Boyton,sboytonqu
968,Crystal,Kellaway,ckellawayqv
969,Laurens,Shelper,lshelperqw
970,Lissa,Vincent,lvincentqx
971,Allie,Bonevant,abonevantqy
972,Uriel,McKeaney,umckeaneyqz
973,Myrlene,Leversuch,mleversuchr0
974,Otho,Woollin,owoollinr1
975,Marylee,Snowman,msnowmanr2
976,Bambi,Joust,bjoustr3
977,Tobye,Persent,tpersentr4
978,Radcliffe,Cowdrey,rcowdreyr5
979,Antoine,Blay,ablayr6
980,Ambrosi,Fay,afayr7
981,Hamish,Favey,hfaveyr8
982,Mead,Scotchmer,mscotchmerr9
983,Joela,Lockett,jlockettra
984,Jennine,Alastair,jalastairrb
985,Harv,Woolens,hwoolensrc
986,Yule,Farragher,yfarragherrd
987,Pauletta,Widdop,pwiddopre
988,Giulio,Bernardez,gbernardezrf
989,Tandi,Reoch,treochrg
990,Faina,Bilby,fbilbyrh
991,Rebe,Bolin,rbolinri
992,Mirella,Guyot,mguyotrj
993,Marni,Gobourn,mgobournrk
994,James,Berringer,jberringerrl
995,Mamie,Roughan,mroughanrm
996,Ileane,Semkins,isemkinsrn
997,Marabel,Cowup,mcowupro
998,Kaitlynn,Zanazzi,kzanazzirp
999,Ogdon,McNalley,omcnalleyrq
1000,Noni,Tickner,nticknerrr
